Timestamp,RL_Signal,Close,Cash,Holdings,Portfolio_RL
2020-12-18 00:00:00+05:30,1,22.05,11.350000000000364,453,10000.0
2020-12-19 00:00:00+05:30,-1,22.05,10000.0,0,10000.0
2020-12-20 00:00:00+05:30,1,22.05,11.350000000000364,453,10000.0
2020-12-21 00:00:00+05:30,1,22.05,11.350000000000364,453,10000.0
2020-12-22 00:00:00+05:30,1,21.55,11.350000000000364,453,9773.5
2020-12-23 00:00:00+05:30,1,22.45,11.350000000000364,453,10181.2
2020-12-24 00:00:00+05:30,1,21.1,11.350000000000364,453,9569.650000000001
2020-12-25 00:00:00+05:30,1,20.05,11.350000000000364,453,9094.0
2020-12-26 00:00:00+05:30,1,20.05,11.350000000000364,453,9094.0
2020-12-27 00:00:00+05:30,1,20.05,11.350000000000364,453,9094.0
2020-12-28 00:00:00+05:30,1,20.05,11.350000000000364,453,9094.0
2020-12-29 00:00:00+05:30,1,21.05,11.350000000000364,453,9547.0
2020-12-30 00:00:00+05:30,1,21.55,11.350000000000364,453,9773.5
2020-12-31 00:00:00+05:30,1,21.75,11.350000000000364,453,9864.1
2021-01-01 00:00:00+05:30,-1,22.65,10271.8,0,10271.8
2021-01-02 00:00:00+05:30,-1,23.75,10271.8,0,10271.8
2021-01-03 00:00:00+05:30,1,23.75,11.799999999999272,432,10271.8
2021-01-04 00:00:00+05:30,1,23.75,11.799999999999272,432,10271.8
2021-01-05 00:00:00+05:30,1,24.5,11.799999999999272,432,10595.8
2021-01-06 00:00:00+05:30,1,24.65,11.799999999999272,432,10660.599999999999
2021-01-07 00:00:00+05:30,1,23.9,11.799999999999272,432,10336.599999999999
2021-01-08 00:00:00+05:30,-1,24.45,10574.199999999999,0,10574.199999999999
2021-01-09 00:00:00+05:30,-1,24.05,10574.199999999999,0,10574.199999999999
2021-01-10 00:00:00+05:30,1,24.05,16.24999999999818,439,10574.199999999999
2021-01-11 00:00:00+05:30,1,24.05,16.24999999999818,439,10574.199999999999
2021-01-12 00:00:00+05:30,1,24.05,16.24999999999818,439,10574.199999999999
2021-01-13 00:00:00+05:30,1,25.9,16.24999999999818,439,11386.349999999997
2021-01-14 00:00:00+05:30,-1,24.95,10969.299999999997,0,10969.299999999997
2021-01-15 00:00:00+05:30,1,26.65,16.149999999997817,411,10969.299999999997
2021-01-16 00:00:00+05:30,1,26.3,16.149999999997817,411,10825.449999999999
2021-01-17 00:00:00+05:30,1,26.3,16.149999999997817,411,10825.449999999999
2021-01-18 00:00:00+05:30,1,26.3,16.149999999997817,411,10825.449999999999
2021-01-19 00:00:00+05:30,1,26.9,16.149999999997817,411,11072.049999999997
2021-01-20 00:00:00+05:30,1,26.5,16.149999999997817,411,10907.649999999998
2021-01-21 00:00:00+05:30,1,26.85,16.149999999997817,411,11051.499999999998
2021-01-22 00:00:00+05:30,1,25.5,16.149999999997817,411,10496.649999999998
2021-01-23 00:00:00+05:30,1,25.05,16.149999999997817,411,10311.699999999999
2021-01-24 00:00:00+05:30,1,25.05,16.149999999997817,411,10311.699999999999
2021-01-25 00:00:00+05:30,-1,25.05,10311.699999999999,0,10311.699999999999
2021-01-26 00:00:00+05:30,1,23.85,8.499999999998181,432,10311.699999999999
2021-01-27 00:00:00+05:30,1,23.85,8.499999999998181,432,10311.699999999999
2021-01-28 00:00:00+05:30,1,23.9,8.499999999998181,432,10333.299999999997
2021-01-29 00:00:00+05:30,1,22.5,8.499999999998181,432,9728.499999999998
2021-01-30 00:00:00+05:30,-1,22.25,9620.499999999998,0,9620.499999999998
2021-01-31 00:00:00+05:30,1,22.25,8.499999999998181,432,9620.499999999998
2021-02-01 00:00:00+05:30,-1,22.25,9620.499999999998,0,9620.499999999998
2021-02-02 00:00:00+05:30,1,22.7,18.399999999997817,423,9620.499999999998
2021-02-03 00:00:00+05:30,1,22.0,18.399999999997817,423,9324.399999999998
2021-02-04 00:00:00+05:30,1,21.1,18.399999999997817,423,8943.699999999999
2021-02-05 00:00:00+05:30,1,21.6,18.399999999997817,423,9155.199999999999
2021-02-06 00:00:00+05:30,1,22.8,18.399999999997817,423,9662.799999999997
2021-02-07 00:00:00+05:30,1,22.8,18.399999999997817,423,9662.799999999997
2021-02-08 00:00:00+05:30,1,22.8,18.399999999997817,423,9662.799999999997
2021-02-09 00:00:00+05:30,1,25.6,18.399999999997817,423,10847.199999999999
2021-02-10 00:00:00+05:30,1,25.8,18.399999999997817,423,10931.799999999997
2021-02-11 00:00:00+05:30,1,25.7,18.399999999997817,423,10889.499999999998
2021-02-12 00:00:00+05:30,-1,25.8,10931.799999999997,0,10931.799999999997
2021-02-13 00:00:00+05:30,1,29.5,16.799999999997453,370,10931.799999999997
2021-02-14 00:00:00+05:30,1,29.5,16.799999999997453,370,10931.799999999997
2021-02-15 00:00:00+05:30,1,29.5,16.799999999997453,370,10931.799999999997
2021-02-16 00:00:00+05:30,1,32.15,16.799999999997453,370,11912.299999999997
2021-02-17 00:00:00+05:30,1,30.05,16.799999999997453,370,11135.299999999997
2021-02-18 00:00:00+05:30,-1,30.05,11135.299999999997,0,11135.299999999997
2021-02-19 00:00:00+05:30,1,31.8,5.299999999997453,350,11135.299999999997
2021-02-20 00:00:00+05:30,1,33.5,5.299999999997453,350,11730.299999999997
2021-02-21 00:00:00+05:30,1,33.5,5.299999999997453,350,11730.299999999997
2021-02-22 00:00:00+05:30,1,33.5,5.299999999997453,350,11730.299999999997
2021-02-23 00:00:00+05:30,1,34.35,5.299999999997453,350,12027.799999999997
2021-02-24 00:00:00+05:30,-1,34.6,12115.299999999997,0,12115.299999999997
2021-02-25 00:00:00+05:30,1,33.9,12.999999999998181,357,12115.299999999997
2021-02-26 00:00:00+05:30,1,34.1,12.999999999998181,357,12186.699999999999
2021-02-27 00:00:00+05:30,1,32.85,12.999999999998181,357,11740.449999999999
2021-02-28 00:00:00+05:30,1,32.85,12.999999999998181,357,11740.449999999999
2021-03-01 00:00:00+05:30,1,32.85,12.999999999998181,357,11740.449999999999
2021-03-02 00:00:00+05:30,-1,33.8,12079.599999999997,0,12079.599999999997
2021-03-03 00:00:00+05:30,1,32.6,17.599999999996726,370,12079.599999999997
2021-03-04 00:00:00+05:30,-1,32.6,12079.599999999997,0,12079.599999999997
2021-03-05 00:00:00+05:30,1,32.8,9.19999999999709,368,12079.599999999997
2021-03-06 00:00:00+05:30,-1,32.7,12042.799999999997,0,12042.799999999997
2021-03-07 00:00:00+05:30,1,32.7,9.19999999999709,368,12042.799999999997
2021-03-08 00:00:00+05:30,1,32.7,9.19999999999709,368,12042.799999999997
2021-03-09 00:00:00+05:30,1,35.45,9.19999999999709,368,13054.799999999997
2021-03-10 00:00:00+05:30,1,36.0,9.19999999999709,368,13257.199999999997
2021-03-11 00:00:00+05:30,-1,34.95,12870.799999999997,0,12870.799999999997
2021-03-12 00:00:00+05:30,1,34.95,9.19999999999709,368,12870.799999999997
2021-03-13 00:00:00+05:30,-1,33.8,12447.599999999997,0,12447.599999999997
2021-03-14 00:00:00+05:30,1,33.8,9.19999999999709,368,12447.599999999997
2021-03-15 00:00:00+05:30,1,33.8,9.19999999999709,368,12447.599999999997
2021-03-16 00:00:00+05:30,1,32.2,9.19999999999709,368,11858.799999999997
2021-03-17 00:00:00+05:30,1,32.45,9.19999999999709,368,11950.799999999997
2021-03-18 00:00:00+05:30,1,30.1,9.19999999999709,368,11085.999999999998
2021-03-19 00:00:00+05:30,1,28.3,9.19999999999709,368,10423.599999999997
2021-03-20 00:00:00+05:30,1,27.45,9.19999999999709,368,10110.799999999997
2021-03-21 00:00:00+05:30,1,27.45,9.19999999999709,368,10110.799999999997
2021-03-22 00:00:00+05:30,-1,27.45,10110.799999999997,0,10110.799999999997
2021-03-23 00:00:00+05:30,1,28.65,25.99999999999818,352,10110.799999999997
2021-03-24 00:00:00+05:30,-1,32.0,11289.999999999998,0,11289.999999999998
2021-03-25 00:00:00+05:30,-1,30.9,11289.999999999998,0,11289.999999999998
2021-03-26 00:00:00+05:30,-1,30.8,11289.999999999998,0,11289.999999999998
2021-03-27 00:00:00+05:30,-1,29.75,11289.999999999998,0,11289.999999999998
2021-03-28 00:00:00+05:30,1,29.75,14.749999999998181,379,11289.999999999998
2021-03-29 00:00:00+05:30,1,29.75,14.749999999998181,379,11289.999999999998
2021-03-30 00:00:00+05:30,-1,29.75,11289.999999999998,0,11289.999999999998
2021-03-31 00:00:00+05:30,1,29.1,28.299999999997453,387,11289.999999999998
2021-04-01 00:00:00+05:30,-1,29.0,11251.299999999997,0,11251.299999999997
2021-04-02 00:00:00+05:30,1,30.5,27.299999999997453,368,11251.299999999997
2021-04-03 00:00:00+05:30,1,30.5,27.299999999997453,368,11251.299999999997
2021-04-04 00:00:00+05:30,1,30.5,27.299999999997453,368,11251.299999999997
2021-04-05 00:00:00+05:30,1,30.5,27.299999999997453,368,11251.299999999997
2021-04-06 00:00:00+05:30,1,29.9,27.299999999997453,368,11030.499999999996
2021-04-07 00:00:00+05:30,1,29.4,27.299999999997453,368,10846.499999999996
2021-04-08 00:00:00+05:30,1,29.1,27.299999999997453,368,10736.099999999999
2021-04-09 00:00:00+05:30,1,29.8,27.299999999997453,368,10993.699999999997
2021-04-10 00:00:00+05:30,1,29.95,27.299999999997453,368,11048.899999999998
2021-04-11 00:00:00+05:30,1,29.95,27.299999999997453,368,11048.899999999998
2021-04-12 00:00:00+05:30,1,29.95,27.299999999997453,368,11048.899999999998
2021-04-13 00:00:00+05:30,1,27.0,0.2999999999974534,369,9963.299999999997
2021-04-14 00:00:00+05:30,1,27.6,0.2999999999974534,369,10184.699999999997
2021-04-15 00:00:00+05:30,1,27.6,0.2999999999974534,369,10184.699999999997
2021-04-16 00:00:00+05:30,1,26.9,0.2999999999974534,369,9926.399999999998
2021-04-17 00:00:00+05:30,1,27.95,0.2999999999974534,369,10313.849999999997
2021-04-18 00:00:00+05:30,-1,27.95,10313.849999999997,0,10313.849999999997
2021-04-19 00:00:00+05:30,1,27.95,0.2999999999974534,369,10313.849999999997
2021-04-20 00:00:00+05:30,1,29.15,0.2999999999974534,369,10756.649999999998
2021-04-21 00:00:00+05:30,1,30.5,0.2999999999974534,369,11254.799999999997
2021-04-22 00:00:00+05:30,-1,30.5,11254.799999999997,0,11254.799999999997
2021-04-23 00:00:00+05:30,-1,29.05,11254.799999999997,0,11254.799999999997
2021-04-24 00:00:00+05:30,1,28.6,14.999999999996362,393,11254.799999999997
2021-04-25 00:00:00+05:30,1,28.6,14.999999999996362,393,11254.799999999997
2021-04-26 00:00:00+05:30,1,28.6,14.999999999996362,393,11254.799999999997
2021-04-27 00:00:00+05:30,1,28.35,14.999999999996362,393,11156.549999999997
2021-04-28 00:00:00+05:30,1,28.85,14.999999999996362,393,11353.049999999997
2021-04-29 00:00:00+05:30,1,28.55,14.999999999996362,393,11235.149999999996
2021-04-30 00:00:00+05:30,1,27.6,14.999999999996362,393,10861.799999999997
2021-05-01 00:00:00+05:30,-1,28.0,11018.999999999996,0,11018.999999999996
2021-05-02 00:00:00+05:30,1,28.0,14.999999999996362,393,11018.999999999996
2021-05-03 00:00:00+05:30,1,28.0,14.999999999996362,393,11018.999999999996
2021-05-04 00:00:00+05:30,1,27.3,14.999999999996362,393,10743.899999999996
2021-05-05 00:00:00+05:30,1,27.8,14.999999999996362,393,10940.399999999996
2021-05-06 00:00:00+05:30,1,27.6,14.999999999996362,393,10861.799999999997
2021-05-07 00:00:00+05:30,-1,26.95,10606.349999999997,0,10606.349999999997
2021-05-08 00:00:00+05:30,1,26.95,14.999999999996362,393,10606.349999999997
2021-05-09 00:00:00+05:30,1,26.95,14.999999999996362,393,10606.349999999997
2021-05-10 00:00:00+05:30,1,26.95,14.999999999996362,393,10606.349999999997
2021-05-11 00:00:00+05:30,-1,26.8,10547.399999999996,0,10547.399999999996
2021-05-12 00:00:00+05:30,1,27.4,25.799999999997453,384,10547.399999999996
2021-05-13 00:00:00+05:30,-1,27.5,10585.799999999997,0,10585.799999999997
2021-05-14 00:00:00+05:30,1,27.5,25.799999999997453,384,10585.799999999997
2021-05-15 00:00:00+05:30,1,26.25,25.799999999997453,384,10105.799999999997
2021-05-16 00:00:00+05:30,1,26.25,25.799999999997453,384,10105.799999999997
2021-05-17 00:00:00+05:30,1,26.25,25.799999999997453,384,10105.799999999997
2021-05-18 00:00:00+05:30,1,27.05,25.799999999997453,384,10412.999999999998
2021-05-19 00:00:00+05:30,-1,26.6,10240.199999999999,0,10240.199999999999
2021-05-20 00:00:00+05:30,1,27.6,0.5999999999985448,371,10240.199999999999
2021-05-21 00:00:00+05:30,1,28.7,0.5999999999985448,371,10648.299999999997
2021-05-22 00:00:00+05:30,1,28.6,0.5999999999985448,371,10611.199999999999
2021-05-23 00:00:00+05:30,1,28.6,0.5999999999985448,371,10611.199999999999
2021-05-24 00:00:00+05:30,1,28.6,0.5999999999985448,371,10611.199999999999
2021-05-25 00:00:00+05:30,1,29.85,0.5999999999985448,371,11074.949999999999
2021-05-26 00:00:00+05:30,-1,29.4,10907.999999999998,0,10907.999999999998
2021-05-27 00:00:00+05:30,1,28.5,20.99999999999818,382,10907.999999999998
2021-05-28 00:00:00+05:30,1,30.25,20.99999999999818,382,11576.499999999998
2021-05-29 00:00:00+05:30,1,28.75,20.99999999999818,382,11003.499999999998
2021-05-30 00:00:00+05:30,1,28.75,20.99999999999818,382,11003.499999999998
2021-05-31 00:00:00+05:30,1,28.75,20.99999999999818,382,11003.499999999998
2021-06-01 00:00:00+05:30,1,29.0,20.99999999999818,382,11098.999999999998
2021-06-02 00:00:00+05:30,1,28.05,20.99999999999818,382,10736.099999999999
2021-06-03 00:00:00+05:30,1,28.4,20.99999999999818,382,10869.799999999997
2021-06-04 00:00:00+05:30,1,29.1,20.99999999999818,382,11137.199999999999
2021-06-05 00:00:00+05:30,1,29.0,20.99999999999818,382,11098.999999999998
2021-06-06 00:00:00+05:30,1,29.0,20.99999999999818,382,11098.999999999998
2021-06-07 00:00:00+05:30,-1,29.0,11098.999999999998,0,11098.999999999998
2021-06-08 00:00:00+05:30,1,29.15,21.99999999999818,380,11098.999999999998
2021-06-09 00:00:00+05:30,1,31.85,21.99999999999818,380,12124.999999999998
2021-06-10 00:00:00+05:30,1,30.0,21.99999999999818,380,11421.999999999998
2021-06-11 00:00:00+05:30,1,30.85,21.99999999999818,380,11744.999999999998
2021-06-12 00:00:00+05:30,1,30.9,21.99999999999818,380,11763.999999999998
2021-06-13 00:00:00+05:30,1,30.9,21.99999999999818,380,11763.999999999998
2021-06-14 00:00:00+05:30,1,30.9,21.99999999999818,380,11763.999999999998
2021-06-15 00:00:00+05:30,1,30.5,21.99999999999818,380,11611.999999999998
2021-06-16 00:00:00+05:30,1,30.05,21.99999999999818,380,11440.999999999998
2021-06-17 00:00:00+05:30,1,29.5,21.99999999999818,380,11231.999999999998
2021-06-18 00:00:00+05:30,1,30.0,21.99999999999818,380,11421.999999999998
2021-06-19 00:00:00+05:30,1,29.05,21.99999999999818,380,11060.999999999998
2021-06-20 00:00:00+05:30,-1,29.05,11060.999999999998,0,11060.999999999998
2021-06-21 00:00:00+05:30,1,29.05,21.99999999999818,380,11060.999999999998
2021-06-22 00:00:00+05:30,1,29.35,21.99999999999818,380,11174.999999999998
2021-06-23 00:00:00+05:30,1,29.85,21.99999999999818,380,11364.999999999998
2021-06-24 00:00:00+05:30,1,29.75,21.99999999999818,380,11326.999999999998
2021-06-25 00:00:00+05:30,-1,30.75,11706.999999999998,0,11706.999999999998
2021-06-26 00:00:00+05:30,1,30.95,7.899999999997817,378,11706.999999999998
2021-06-27 00:00:00+05:30,1,30.95,7.899999999997817,378,11706.999999999998
2021-06-28 00:00:00+05:30,-1,30.95,11706.999999999998,0,11706.999999999998
2021-06-29 00:00:00+05:30,1,32.35,28.649999999997817,361,11706.999999999998
2021-06-30 00:00:00+05:30,1,36.45,28.649999999997817,361,13187.099999999999
2021-07-01 00:00:00+05:30,1,35.45,28.649999999997817,361,12826.099999999999
2021-07-02 00:00:00+05:30,1,34.9,28.649999999997817,361,12627.549999999997
2021-07-03 00:00:00+05:30,1,34.55,28.649999999997817,361,12501.199999999997
2021-07-04 00:00:00+05:30,1,34.55,28.649999999997817,361,12501.199999999997
2021-07-05 00:00:00+05:30,1,34.55,28.649999999997817,361,12501.199999999997
2021-07-06 00:00:00+05:30,1,38.35,28.649999999997817,361,13872.999999999998
2021-07-07 00:00:00+05:30,1,38.5,28.649999999997817,361,13927.149999999998
2021-07-08 00:00:00+05:30,1,38.6,28.649999999997817,361,13963.249999999998
2021-07-09 00:00:00+05:30,-1,38.25,13836.899999999998,0,13836.899999999998
2021-07-10 00:00:00+05:30,1,43.25,40.14999999999782,319,13836.899999999998
2021-07-11 00:00:00+05:30,-1,43.25,13836.899999999998,0,13836.899999999998
2021-07-12 00:00:00+05:30,1,43.25,40.14999999999782,319,13836.899999999998
2021-07-13 00:00:00+05:30,1,45.15,40.14999999999782,319,14442.999999999998
2021-07-14 00:00:00+05:30,1,46.1,40.14999999999782,319,14746.049999999997
2021-07-15 00:00:00+05:30,-1,45.7,14618.449999999999,0,14618.449999999999
2021-07-16 00:00:00+05:30,1,49.55,1.1999999999989086,295,14618.449999999999
2021-07-17 00:00:00+05:30,1,46.95,1.1999999999989086,295,13851.449999999999
2021-07-18 00:00:00+05:30,1,46.95,1.1999999999989086,295,13851.449999999999
2021-07-19 00:00:00+05:30,-1,46.95,13851.449999999999,0,13851.449999999999
2021-07-20 00:00:00+05:30,1,45.8,19.850000000000364,302,13851.449999999999
2021-07-21 00:00:00+05:30,1,44.5,19.850000000000364,302,13458.85
2021-07-22 00:00:00+05:30,-1,44.5,13458.85,0,13458.85
2021-07-23 00:00:00+05:30,-1,45.5,13458.85,0,13458.85
2021-07-24 00:00:00+05:30,1,44.5,19.850000000000364,302,13458.85
2021-07-25 00:00:00+05:30,1,44.5,19.850000000000364,302,13458.85
2021-07-26 00:00:00+05:30,1,44.5,19.850000000000364,302,13458.85
2021-07-27 00:00:00+05:30,-1,44.05,13322.949999999999,0,13322.949999999999
2021-07-28 00:00:00+05:30,1,42.65,16.149999999999636,312,13322.949999999999
2021-07-29 00:00:00+05:30,1,42.7,16.149999999999636,312,13338.550000000001
2021-07-30 00:00:00+05:30,1,41.45,16.149999999999636,312,12948.550000000001
2021-07-31 00:00:00+05:30,1,41.55,16.149999999999636,312,12979.749999999998
2021-08-01 00:00:00+05:30,1,41.55,16.149999999999636,312,12979.749999999998
2021-08-02 00:00:00+05:30,1,41.55,16.149999999999636,312,12979.749999999998
2021-08-03 00:00:00+05:30,1,42.3,16.149999999999636,312,13213.749999999998
2021-08-04 00:00:00+05:30,1,40.9,16.149999999999636,312,12776.949999999999
2021-08-05 00:00:00+05:30,1,39.5,16.149999999999636,312,12340.15
2021-08-06 00:00:00+05:30,1,41.45,16.149999999999636,312,12948.550000000001
2021-08-07 00:00:00+05:30,1,42.95,16.149999999999636,312,13416.550000000001
2021-08-08 00:00:00+05:30,-1,42.95,13416.550000000001,0,13416.550000000001
2021-08-09 00:00:00+05:30,1,42.95,16.149999999999636,312,13416.550000000001
2021-08-10 00:00:00+05:30,1,42.0,16.149999999999636,312,13120.15
2021-08-11 00:00:00+05:30,1,40.1,16.149999999999636,312,12527.35
2021-08-12 00:00:00+05:30,1,39.55,16.149999999999636,312,12355.749999999998
2021-08-13 00:00:00+05:30,1,39.9,16.149999999999636,312,12464.949999999999
2021-08-14 00:00:00+05:30,1,41.0,16.149999999999636,312,12808.15
2021-08-15 00:00:00+05:30,1,41.0,16.149999999999636,312,12808.15
2021-08-16 00:00:00+05:30,-1,41.0,12808.15,0,12808.15
2021-08-17 00:00:00+05:30,1,40.25,8.649999999999636,318,12808.15
2021-08-18 00:00:00+05:30,1,39.25,8.649999999999636,318,12490.15
2021-08-19 00:00:00+05:30,-1,38.0,12092.65,0,12092.65
2021-08-20 00:00:00+05:30,-1,38.0,12092.65,0,12092.65
2021-08-21 00:00:00+05:30,1,36.05,15.900000000001455,335,12092.65
2021-08-22 00:00:00+05:30,-1,36.05,12092.65,0,12092.65
2021-08-23 00:00:00+05:30,1,36.05,15.900000000001455,335,12092.65
2021-08-24 00:00:00+05:30,1,34.4,15.900000000001455,335,11539.900000000001
2021-08-25 00:00:00+05:30,-1,36.1,12109.400000000001,0,12109.400000000001
2021-08-26 00:00:00+05:30,-1,37.0,12109.400000000001,0,12109.400000000001
2021-08-27 00:00:00+05:30,1,38.6,27.600000000000364,313,12109.400000000001
2021-08-28 00:00:00+05:30,1,38.6,27.600000000000364,313,12109.400000000001
2021-08-29 00:00:00+05:30,1,38.6,27.600000000000364,313,12109.400000000001
2021-08-30 00:00:00+05:30,1,38.6,27.600000000000364,313,12109.400000000001
2021-08-31 00:00:00+05:30,1,37.5,27.600000000000364,313,11765.1
2021-09-01 00:00:00+05:30,1,36.6,27.600000000000364,313,11483.400000000001
2021-09-02 00:00:00+05:30,1,37.7,27.600000000000364,313,11827.7
2021-09-03 00:00:00+05:30,-1,39.15,12281.55,0,12281.55
2021-09-04 00:00:00+05:30,1,39.45,12.599999999998545,311,12281.55
2021-09-05 00:00:00+05:30,1,39.45,12.599999999998545,311,12281.55
2021-09-06 00:00:00+05:30,1,39.45,12.599999999998545,311,12281.55
2021-09-07 00:00:00+05:30,1,40.7,12.599999999998545,311,12670.3
2021-09-08 00:00:00+05:30,1,39.25,12.599999999998545,311,12219.349999999999
2021-09-09 00:00:00+05:30,1,39.95,12.599999999998545,311,12437.05
2021-09-10 00:00:00+05:30,1,40.0,12.599999999998545,311,12452.599999999999
2021-09-11 00:00:00+05:30,1,40.0,12.599999999998545,311,12452.599999999999
2021-09-12 00:00:00+05:30,1,40.0,12.599999999998545,311,12452.599999999999
2021-09-13 00:00:00+05:30,1,40.0,12.599999999998545,311,12452.599999999999
2021-09-14 00:00:00+05:30,1,39.5,12.599999999998545,311,12297.099999999999
2021-09-15 00:00:00+05:30,-1,39.25,12219.349999999999,0,12219.349999999999
2021-09-16 00:00:00+05:30,-1,40.85,12219.349999999999,0,12219.349999999999
2021-09-17 00:00:00+05:30,1,42.85,7.099999999998545,285,12219.349999999999
2021-09-18 00:00:00+05:30,1,43.0,7.099999999998545,285,12262.099999999999
2021-09-19 00:00:00+05:30,1,43.0,7.099999999998545,285,12262.099999999999
2021-09-20 00:00:00+05:30,1,43.0,7.099999999998545,285,12262.099999999999
2021-09-21 00:00:00+05:30,1,43.7,7.099999999998545,285,12461.599999999999
2021-09-22 00:00:00+05:30,1,43.65,7.099999999998545,285,12447.349999999999
2021-09-23 00:00:00+05:30,1,45.85,7.099999999998545,285,13074.349999999999
2021-09-24 00:00:00+05:30,1,47.1,7.099999999998545,285,13430.599999999999
2021-09-25 00:00:00+05:30,-1,46.5,13259.599999999999,0,13259.599999999999
2021-09-26 00:00:00+05:30,1,46.5,7.099999999998545,285,13259.599999999999
2021-09-27 00:00:00+05:30,1,46.5,7.099999999998545,285,13259.599999999999
2021-09-28 00:00:00+05:30,1,46.9,7.099999999998545,285,13373.599999999999
2021-09-29 00:00:00+05:30,1,46.25,7.099999999998545,285,13188.349999999999
2021-09-30 00:00:00+05:30,-1,45.65,13017.349999999999,0,13017.349999999999
2021-10-01 00:00:00+05:30,-1,45.2,13017.349999999999,0,13017.349999999999
2021-10-02 00:00:00+05:30,1,43.9,22.94999999999891,296,13017.349999999999
2021-10-03 00:00:00+05:30,1,43.9,22.94999999999891,296,13017.349999999999
2021-10-04 00:00:00+05:30,-1,43.9,13017.349999999999,0,13017.349999999999
2021-10-05 00:00:00+05:30,1,45.6,21.349999999998545,285,13017.349999999999
2021-10-06 00:00:00+05:30,1,45.55,21.349999999998545,285,13003.099999999999
2021-10-07 00:00:00+05:30,1,44.5,21.349999999998545,285,12703.849999999999
2021-10-08 00:00:00+05:30,1,46.9,21.349999999998545,285,13387.849999999999
2021-10-09 00:00:00+05:30,1,48.0,21.349999999998545,285,13701.349999999999
2021-10-10 00:00:00+05:30,1,48.0,21.349999999998545,285,13701.349999999999
2021-10-11 00:00:00+05:30,-1,48.0,13701.349999999999,0,13701.349999999999
2021-10-12 00:00:00+05:30,1,46.0,39.349999999998545,297,13701.349999999999
2021-10-13 00:00:00+05:30,1,45.4,39.349999999998545,297,13523.149999999998
2021-10-14 00:00:00+05:30,1,44.85,39.349999999998545,297,13359.8
2021-10-15 00:00:00+05:30,1,43.85,39.349999999998545,297,13062.8
2021-10-16 00:00:00+05:30,1,43.85,39.349999999998545,297,13062.8
2021-10-17 00:00:00+05:30,-1,43.85,13062.8,0,13062.8
2021-10-18 00:00:00+05:30,-1,43.85,13062.8,0,13062.8
2021-10-19 00:00:00+05:30,-1,44.35,13062.8,0,13062.8
2021-10-20 00:00:00+05:30,1,42.25,7.549999999999272,309,13062.8
2021-10-21 00:00:00+05:30,-1,41.2,12738.35,0,12738.35
2021-10-22 00:00:00+05:30,1,42.0,12.350000000000364,303,12738.35
2021-10-23 00:00:00+05:30,1,42.7,12.350000000000364,303,12950.45
2021-10-24 00:00:00+05:30,1,42.7,12.350000000000364,303,12950.45
2021-10-25 00:00:00+05:30,1,42.7,12.350000000000364,303,12950.45
2021-10-26 00:00:00+05:30,1,40.45,12.350000000000364,303,12268.7
2021-10-27 00:00:00+05:30,1,42.4,12.350000000000364,303,12859.55
2021-10-28 00:00:00+05:30,1,43.9,12.350000000000364,303,13314.05
2021-10-29 00:00:00+05:30,1,44.5,12.350000000000364,303,13495.85
2021-10-30 00:00:00+05:30,-1,43.8,13283.75,0,13283.75
2021-10-31 00:00:00+05:30,1,43.8,12.350000000000364,303,13283.75
2021-11-01 00:00:00+05:30,-1,43.8,13283.75,0,13283.75
2021-11-02 00:00:00+05:30,1,44.8,22.950000000000728,296,13283.75
2021-11-03 00:00:00+05:30,1,44.55,22.950000000000728,296,13209.75
2021-11-04 00:00:00+05:30,-1,45.4,13461.35,0,13461.35
2021-11-05 00:00:00+05:30,1,46.65,26.150000000001455,288,13461.35
2021-11-06 00:00:00+05:30,1,46.65,26.150000000001455,288,13461.35
2021-11-07 00:00:00+05:30,1,46.65,26.150000000001455,288,13461.35
2021-11-08 00:00:00+05:30,1,46.65,26.150000000001455,288,13461.35
2021-11-09 00:00:00+05:30,1,48.75,26.150000000001455,288,14066.150000000001
2021-11-10 00:00:00+05:30,1,51.15,26.150000000001455,288,14757.35
2021-11-11 00:00:00+05:30,1,53.45,26.150000000001455,288,15419.750000000002
2021-11-12 00:00:00+05:30,1,51.8,26.150000000001455,288,14944.550000000001
2021-11-13 00:00:00+05:30,1,49.8,26.150000000001455,288,14368.550000000001
2021-11-14 00:00:00+05:30,1,49.8,26.150000000001455,288,14368.550000000001
2021-11-15 00:00:00+05:30,1,49.8,26.150000000001455,288,14368.550000000001
2021-11-16 00:00:00+05:30,1,47.6,26.150000000001455,288,13734.950000000003
2021-11-17 00:00:00+05:30,1,48.75,26.150000000001455,288,14066.150000000001
2021-11-18 00:00:00+05:30,1,49.6,26.150000000001455,288,14310.950000000003
2021-11-19 00:00:00+05:30,1,48.2,26.150000000001455,288,13907.750000000002
2021-11-20 00:00:00+05:30,-1,48.2,13907.750000000002,0,13907.750000000002
2021-11-21 00:00:00+05:30,1,48.2,26.150000000001455,288,13907.750000000002
2021-11-22 00:00:00+05:30,1,48.2,26.150000000001455,288,13907.750000000002
2021-11-23 00:00:00+05:30,1,45.8,26.150000000001455,288,13216.550000000001
2021-11-24 00:00:00+05:30,1,46.6,26.150000000001455,288,13446.950000000003
2021-11-25 00:00:00+05:30,1,47.65,26.150000000001455,288,13749.35
2021-11-26 00:00:00+05:30,1,48.0,26.150000000001455,288,13850.150000000001
2021-11-27 00:00:00+05:30,1,46.2,26.150000000001455,288,13331.750000000002
2021-11-28 00:00:00+05:30,1,46.2,26.150000000001455,288,13331.750000000002
2021-11-29 00:00:00+05:30,1,46.2,26.150000000001455,288,13331.750000000002
2021-11-30 00:00:00+05:30,-1,44.4,12813.35,0,12813.35
2021-12-01 00:00:00+05:30,1,45.2,21.75,283,12813.35
2021-12-02 00:00:00+05:30,1,45.0,21.75,283,12756.75
2021-12-03 00:00:00+05:30,1,44.85,21.75,283,12714.300000000001
2021-12-04 00:00:00+05:30,-1,43.9,12445.449999999999,0,12445.449999999999
2021-12-05 00:00:00+05:30,-1,43.9,12445.449999999999,0,12445.449999999999
2021-12-06 00:00:00+05:30,1,43.9,21.75,283,12445.449999999999
2021-12-07 00:00:00+05:30,1,43.9,21.75,283,12445.449999999999
2021-12-08 00:00:00+05:30,1,44.5,21.75,283,12615.25
2021-12-09 00:00:00+05:30,1,46.7,21.75,283,13237.85
2021-12-10 00:00:00+05:30,1,46.55,21.75,283,13195.4
2021-12-11 00:00:00+05:30,1,48.85,21.75,283,13846.300000000001
2021-12-12 00:00:00+05:30,-1,48.85,13846.300000000001,0,13846.300000000001
2021-12-13 00:00:00+05:30,1,48.85,21.75,283,13846.300000000001
2021-12-14 00:00:00+05:30,1,52.0,21.75,283,14737.75
2021-12-15 00:00:00+05:30,1,51.5,21.75,283,14596.25
2021-12-16 00:00:00+05:30,1,50.95,21.75,283,14440.6
2021-12-17 00:00:00+05:30,-1,51.0,14454.75,0,14454.75
2021-12-18 00:00:00+05:30,-1,47.5,14454.75,0,14454.75
2021-12-19 00:00:00+05:30,-1,47.5,14454.75,0,14454.75
2021-12-20 00:00:00+05:30,1,47.5,14.75,304,14454.75
2021-12-21 00:00:00+05:30,1,44.25,14.75,304,13466.75
2021-12-22 00:00:00+05:30,1,45.6,14.75,304,13877.15
2021-12-23 00:00:00+05:30,1,47.1,14.75,304,14333.15
2021-12-24 00:00:00+05:30,1,47.95,14.75,304,14591.550000000001
2021-12-25 00:00:00+05:30,1,48.55,14.75,304,14773.949999999999
2021-12-26 00:00:00+05:30,-1,48.55,14773.949999999999,0,14773.949999999999
2021-12-27 00:00:00+05:30,1,48.55,14.75,304,14773.949999999999
2021-12-28 00:00:00+05:30,1,47.55,14.75,304,14469.949999999999
2021-12-29 00:00:00+05:30,1,48.8,14.75,304,14849.949999999999
2021-12-30 00:00:00+05:30,-1,49.7,15123.550000000001,0,15123.550000000001
2021-12-31 00:00:00+05:30,-1,49.8,15123.550000000001,0,15123.550000000001
2022-01-01 00:00:00+05:30,1,49.95,38.649999999999636,302,15123.550000000001
2022-01-02 00:00:00+05:30,1,49.95,38.649999999999636,302,15123.550000000001
2022-01-03 00:00:00+05:30,1,49.95,38.649999999999636,302,15123.550000000001
2022-01-04 00:00:00+05:30,1,52.6,38.649999999999636,302,15923.85
2022-01-05 00:00:00+05:30,1,51.0,38.649999999999636,302,15440.65
2022-01-06 00:00:00+05:30,1,49.65,38.649999999999636,302,15032.949999999999
2022-01-07 00:00:00+05:30,1,48.8,38.649999999999636,302,14776.249999999998
2022-01-08 00:00:00+05:30,-1,51.35,15546.35,0,15546.35
2022-01-09 00:00:00+05:30,1,51.35,38.649999999999636,302,15546.35
2022-01-10 00:00:00+05:30,1,51.35,38.649999999999636,302,15546.35
2022-01-11 00:00:00+05:30,1,55.4,38.649999999999636,302,16769.449999999997
2022-01-12 00:00:00+05:30,1,59.0,38.649999999999636,302,17856.65
2022-01-13 00:00:00+05:30,1,56.5,38.649999999999636,302,17101.65
2022-01-14 00:00:00+05:30,1,55.35,38.649999999999636,302,16754.35
2022-01-15 00:00:00+05:30,-1,58.0,17554.65,0,17554.65
2022-01-16 00:00:00+05:30,1,58.0,38.650000000001455,302,17554.65
2022-01-17 00:00:00+05:30,1,58.0,38.650000000001455,302,17554.65
2022-01-18 00:00:00+05:30,1,57.95,38.650000000001455,302,17539.550000000003
2022-01-19 00:00:00+05:30,1,56.9,38.650000000001455,302,17222.45
2022-01-20 00:00:00+05:30,1,56.55,38.650000000001455,302,17116.75
2022-01-21 00:00:00+05:30,1,56.85,38.650000000001455,302,17207.350000000002
2022-01-22 00:00:00+05:30,1,53.95,38.650000000001455,302,16331.550000000003
2022-01-23 00:00:00+05:30,1,53.95,38.650000000001455,302,16331.550000000003
2022-01-24 00:00:00+05:30,1,53.95,38.650000000001455,302,16331.550000000003
2022-01-25 00:00:00+05:30,1,49.9,38.650000000001455,302,15108.45
2022-01-26 00:00:00+05:30,1,50.85,38.650000000001455,302,15395.350000000002
2022-01-27 00:00:00+05:30,1,50.85,38.650000000001455,302,15395.350000000002
2022-01-28 00:00:00+05:30,1,49.95,38.650000000001455,302,15123.550000000003
2022-01-29 00:00:00+05:30,1,48.95,38.650000000001455,302,14821.550000000003
2022-01-30 00:00:00+05:30,-1,48.95,14821.550000000003,0,14821.550000000003
2022-01-31 00:00:00+05:30,1,48.95,38.650000000001455,302,14821.550000000003
2022-02-01 00:00:00+05:30,-1,48.15,14579.95,0,14579.95
2022-02-02 00:00:00+05:30,1,48.65,33.600000000000364,299,14579.95
2022-02-03 00:00:00+05:30,1,49.2,33.600000000000364,299,14744.400000000001
2022-02-04 00:00:00+05:30,-1,48.65,14579.95,0,14579.95
2022-02-05 00:00:00+05:30,1,47.9,18.350000000000364,304,14579.95
2022-02-06 00:00:00+05:30,1,47.9,18.350000000000364,304,14579.95
2022-02-07 00:00:00+05:30,1,47.9,18.350000000000364,304,14579.95
2022-02-08 00:00:00+05:30,1,47.65,18.350000000000364,304,14503.95
2022-02-09 00:00:00+05:30,1,45.0,18.350000000000364,304,13698.35
2022-02-10 00:00:00+05:30,-1,45.35,13804.75,0,13804.75
2022-02-11 00:00:00+05:30,1,45.4,3.149999999999636,304,13804.75
2022-02-12 00:00:00+05:30,1,44.6,3.149999999999636,304,13561.55
2022-02-13 00:00:00+05:30,1,44.6,3.149999999999636,304,13561.55
2022-02-14 00:00:00+05:30,-1,44.6,13561.55,0,13561.55
2022-02-15 00:00:00+05:30,1,40.95,7.099999999998545,331,13561.55
2022-02-16 00:00:00+05:30,1,42.35,7.099999999998545,331,14024.949999999999
2022-02-17 00:00:00+05:30,1,41.8,7.099999999998545,331,13842.899999999998
2022-02-18 00:00:00+05:30,1,41.35,7.099999999998545,331,13693.949999999999
2022-02-19 00:00:00+05:30,1,40.8,7.099999999998545,331,13511.899999999998
2022-02-20 00:00:00+05:30,-1,40.8,13511.899999999998,0,13511.899999999998
2022-02-21 00:00:00+05:30,-1,40.8,13511.899999999998,0,13511.899999999998
2022-02-22 00:00:00+05:30,1,39.85,2.749999999998181,339,13511.899999999998
2022-02-23 00:00:00+05:30,-1,39.4,13359.349999999999,0,13359.349999999999
2022-02-24 00:00:00+05:30,-1,39.4,13359.349999999999,0,13359.349999999999
2022-02-25 00:00:00+05:30,1,35.15,2.349999999998545,380,13359.349999999999
2022-02-26 00:00:00+05:30,1,37.45,2.349999999998545,380,14233.35
2022-02-27 00:00:00+05:30,-1,37.45,14233.35,0,14233.35
2022-02-28 00:00:00+05:30,1,37.45,2.349999999998545,380,14233.35
2022-03-01 00:00:00+05:30,1,37.8,2.349999999998545,380,14366.349999999997
2022-03-02 00:00:00+05:30,1,37.8,2.349999999998545,380,14366.349999999997
2022-03-03 00:00:00+05:30,1,37.95,2.349999999998545,380,14423.35
2022-03-04 00:00:00+05:30,1,38.65,2.349999999998545,380,14689.349999999999
2022-03-05 00:00:00+05:30,1,38.4,2.349999999998545,380,14594.349999999999
2022-03-06 00:00:00+05:30,1,38.4,2.349999999998545,380,14594.349999999999
2022-03-07 00:00:00+05:30,1,38.4,2.349999999998545,380,14594.349999999999
2022-03-08 00:00:00+05:30,1,37.0,2.349999999998545,380,14062.349999999999
2022-03-09 00:00:00+05:30,1,37.5,2.349999999998545,380,14252.349999999999
2022-03-10 00:00:00+05:30,-1,39.35,14955.349999999999,0,14955.349999999999
2022-03-11 00:00:00+05:30,1,38.8,17.350000000000364,385,14955.349999999999
2022-03-12 00:00:00+05:30,-1,39.3,15147.849999999999,0,15147.849999999999
2022-03-13 00:00:00+05:30,1,39.3,17.350000000000364,385,15147.849999999999
2022-03-14 00:00:00+05:30,1,39.3,17.350000000000364,385,15147.849999999999
2022-03-15 00:00:00+05:30,-1,38.0,14647.35,0,14647.35
2022-03-16 00:00:00+05:30,1,36.9,34.95000000000073,396,14647.35
2022-03-17 00:00:00+05:30,1,37.65,34.95000000000073,396,14944.35
2022-03-18 00:00:00+05:30,1,38.5,34.95000000000073,396,15280.95
2022-03-19 00:00:00+05:30,1,38.5,34.95000000000073,396,15280.95
2022-03-20 00:00:00+05:30,1,38.5,34.95000000000073,396,15280.95
2022-03-21 00:00:00+05:30,1,38.5,34.95000000000073,396,15280.95
2022-03-22 00:00:00+05:30,1,39.9,34.95000000000073,396,15835.35
2022-03-23 00:00:00+05:30,-1,39.85,15815.550000000001,0,15815.550000000001
2022-03-24 00:00:00+05:30,1,38.6,28.149999999999636,409,15815.550000000001
2022-03-25 00:00:00+05:30,1,38.85,28.149999999999636,409,15917.800000000001
2022-03-26 00:00:00+05:30,1,37.8,28.149999999999636,409,15488.349999999999
2022-03-27 00:00:00+05:30,1,37.8,28.149999999999636,409,15488.349999999999
2022-03-28 00:00:00+05:30,1,37.8,28.149999999999636,409,15488.349999999999
2022-03-29 00:00:00+05:30,-1,35.75,14649.9,0,14649.9
2022-03-30 00:00:00+05:30,-1,35.35,14649.9,0,14649.9
2022-03-31 00:00:00+05:30,1,37.6,23.49999999999818,389,14649.9
2022-04-01 00:00:00+05:30,-1,36.5,14221.999999999998,0,14221.999999999998
2022-04-02 00:00:00+05:30,1,38.0,9.999999999998181,374,14221.999999999998
2022-04-03 00:00:00+05:30,1,38.0,9.999999999998181,374,14221.999999999998
2022-04-04 00:00:00+05:30,1,38.0,9.999999999998181,374,14221.999999999998
2022-04-05 00:00:00+05:30,-1,38.75,14502.499999999998,0,14502.499999999998
2022-04-06 00:00:00+05:30,1,39.65,30.24999999999818,365,14502.499999999998
2022-04-07 00:00:00+05:30,-1,39.8,14557.249999999996,0,14557.249999999996
2022-04-08 00:00:00+05:30,1,42.9,14.149999999995998,339,14557.249999999996
2022-04-09 00:00:00+05:30,1,42.2,14.149999999995998,339,14319.949999999997
2022-04-10 00:00:00+05:30,1,42.2,14.149999999995998,339,14319.949999999997
2022-04-11 00:00:00+05:30,1,42.2,14.149999999995998,339,14319.949999999997
2022-04-12 00:00:00+05:30,1,40.2,14.149999999995998,339,13641.949999999997
2022-04-13 00:00:00+05:30,1,38.95,14.149999999995998,339,13218.199999999997
2022-04-14 00:00:00+05:30,-1,40.35,13692.799999999996,0,13692.799999999996
2022-04-15 00:00:00+05:30,1,40.35,14.149999999995998,339,13692.799999999996
2022-04-16 00:00:00+05:30,1,40.35,14.149999999995998,339,13692.799999999996
2022-04-17 00:00:00+05:30,1,40.35,14.149999999995998,339,13692.799999999996
2022-04-18 00:00:00+05:30,1,40.35,14.149999999995998,339,13692.799999999996
2022-04-19 00:00:00+05:30,1,39.75,14.149999999995998,339,13489.399999999996
2022-04-20 00:00:00+05:30,1,40.75,14.149999999995998,339,13828.399999999996
2022-04-21 00:00:00+05:30,1,40.6,14.149999999995998,339,13777.549999999996
2022-04-22 00:00:00+05:30,1,41.35,14.149999999995998,339,14031.799999999996
2022-04-23 00:00:00+05:30,1,40.5,14.149999999995998,339,13743.649999999996
2022-04-24 00:00:00+05:30,1,40.5,14.149999999995998,339,13743.649999999996
2022-04-25 00:00:00+05:30,1,40.5,14.149999999995998,339,13743.649999999996
2022-04-26 00:00:00+05:30,1,40.1,14.149999999995998,339,13608.049999999996
2022-04-27 00:00:00+05:30,-1,39.6,13438.549999999996,0,13438.549999999996
2022-04-28 00:00:00+05:30,1,38.65,26.999999999996362,347,13438.549999999996
2022-04-29 00:00:00+05:30,1,38.7,26.999999999996362,347,13455.899999999998
2022-04-30 00:00:00+05:30,1,40.4,26.999999999996362,347,14045.799999999996
2022-05-01 00:00:00+05:30,1,40.4,26.999999999996362,347,14045.799999999996
2022-05-02 00:00:00+05:30,-1,40.4,14045.799999999996,0,14045.799999999996
2022-05-03 00:00:00+05:30,1,41.0,23.799999999995634,342,14045.799999999996
2022-05-04 00:00:00+05:30,1,41.0,23.799999999995634,342,14045.799999999996
2022-05-05 00:00:00+05:30,1,41.5,23.799999999995634,342,14216.799999999996
2022-05-06 00:00:00+05:30,1,46.9,23.799999999995634,342,16063.599999999995
2022-05-07 00:00:00+05:30,-1,44.1,15105.999999999996,0,15105.999999999996
2022-05-08 00:00:00+05:30,1,44.1,23.799999999995634,342,15105.999999999996
2022-05-09 00:00:00+05:30,1,44.1,23.799999999995634,342,15105.999999999996
2022-05-10 00:00:00+05:30,1,41.9,23.799999999995634,342,14353.599999999995
2022-05-11 00:00:00+05:30,1,39.2,23.799999999995634,342,13430.199999999997
2022-05-12 00:00:00+05:30,1,39.0,23.799999999995634,342,13361.799999999996
2022-05-13 00:00:00+05:30,-1,38.55,13207.899999999994,0,13207.899999999994
2022-05-14 00:00:00+05:30,1,39.4,8.89999999999418,335,13207.899999999994
2022-05-15 00:00:00+05:30,1,39.4,8.89999999999418,335,13207.899999999994
2022-05-16 00:00:00+05:30,1,39.4,8.89999999999418,335,13207.899999999994
2022-05-17 00:00:00+05:30,1,41.35,8.89999999999418,335,13861.149999999994
2022-05-18 00:00:00+05:30,1,40.85,8.89999999999418,335,13693.649999999994
2022-05-19 00:00:00+05:30,1,40.1,8.89999999999418,335,13442.399999999994
2022-05-20 00:00:00+05:30,-1,38.75,12990.149999999994,0,12990.149999999994
2022-05-21 00:00:00+05:30,1,40.45,5.699999999993452,321,12990.149999999994
2022-05-22 00:00:00+05:30,1,40.45,5.699999999993452,321,12990.149999999994
2022-05-23 00:00:00+05:30,1,40.45,5.699999999993452,321,12990.149999999994
2022-05-24 00:00:00+05:30,1,39.55,5.699999999993452,321,12701.249999999993
2022-05-25 00:00:00+05:30,1,39.4,5.699999999993452,321,12653.099999999993
2022-05-26 00:00:00+05:30,-1,37.35,11995.049999999994,0,11995.049999999994
2022-05-27 00:00:00+05:30,1,38.35,29.849999999993088,312,11995.049999999994
2022-05-28 00:00:00+05:30,1,38.4,29.849999999993088,312,12010.649999999992
2022-05-29 00:00:00+05:30,1,38.4,29.849999999993088,312,12010.649999999992
2022-05-30 00:00:00+05:30,1,38.4,29.849999999993088,312,12010.649999999992
2022-05-31 00:00:00+05:30,1,39.3,29.849999999993088,312,12291.449999999992
2022-06-01 00:00:00+05:30,1,37.8,29.849999999993088,312,11823.449999999992
2022-06-02 00:00:00+05:30,1,37.4,29.849999999993088,312,11698.649999999992
2022-06-03 00:00:00+05:30,-1,38.0,11885.849999999993,0,11885.849999999993
2022-06-04 00:00:00+05:30,1,37.85,0.9499999999934516,314,11885.849999999993
2022-06-05 00:00:00+05:30,1,37.85,0.9499999999934516,314,11885.849999999993
2022-06-06 00:00:00+05:30,1,37.85,0.9499999999934516,314,11885.849999999993
2022-06-07 00:00:00+05:30,1,37.5,0.9499999999934516,314,11775.949999999993
2022-06-08 00:00:00+05:30,-1,40.8,12812.149999999992,0,12812.149999999992
2022-06-09 00:00:00+05:30,-1,40.15,12812.149999999992,0,12812.149999999992
2022-06-10 00:00:00+05:30,1,39.1,26.449999999991633,327,12812.149999999992
2022-06-11 00:00:00+05:30,1,38.15,26.449999999991633,327,12501.49999999999
2022-06-12 00:00:00+05:30,1,38.15,26.449999999991633,327,12501.49999999999
2022-06-13 00:00:00+05:30,1,38.15,26.449999999991633,327,12501.49999999999
2022-06-14 00:00:00+05:30,1,36.75,26.449999999991633,327,12043.699999999992
2022-06-15 00:00:00+05:30,1,37.0,26.449999999991633,327,12125.449999999992
2022-06-16 00:00:00+05:30,1,36.65,26.449999999991633,327,12010.99999999999
2022-06-17 00:00:00+05:30,-1,35.5,11634.949999999992,0,11634.949999999992
2022-06-18 00:00:00+05:30,1,35.3,21.249999999992724,329,11634.949999999992
2022-06-19 00:00:00+05:30,1,35.3,21.249999999992724,329,11634.949999999992
2022-06-20 00:00:00+05:30,1,35.3,21.249999999992724,329,11634.949999999992
2022-06-21 00:00:00+05:30,1,34.3,21.249999999992724,329,11305.949999999992
2022-06-22 00:00:00+05:30,1,34.6,21.249999999992724,329,11404.649999999992
2022-06-23 00:00:00+05:30,-1,34.2,11273.049999999994,0,11273.049999999994
2022-06-24 00:00:00+05:30,1,34.55,9.749999999994543,326,11273.049999999994
2022-06-25 00:00:00+05:30,1,34.8,9.749999999994543,326,11354.549999999994
2022-06-26 00:00:00+05:30,1,34.8,9.749999999994543,326,11354.549999999994
2022-06-27 00:00:00+05:30,1,34.8,9.749999999994543,326,11354.549999999994
2022-06-28 00:00:00+05:30,1,35.45,9.749999999994543,326,11566.449999999995
2022-06-29 00:00:00+05:30,1,37.2,9.749999999994543,326,12136.949999999995
2022-06-30 00:00:00+05:30,1,36.7,9.749999999994543,326,11973.949999999995
2022-07-01 00:00:00+05:30,1,36.05,9.749999999994543,326,11762.049999999994
2022-07-02 00:00:00+05:30,1,35.85,9.749999999994543,326,11696.849999999995
2022-07-03 00:00:00+05:30,1,35.85,9.749999999994543,326,11696.849999999995
2022-07-04 00:00:00+05:30,1,35.85,9.749999999994543,326,11696.849999999995
2022-07-05 00:00:00+05:30,1,36.25,9.749999999994543,326,11827.249999999995
2022-07-06 00:00:00+05:30,1,36.1,9.749999999994543,326,11778.349999999995
2022-07-07 00:00:00+05:30,1,35.85,9.749999999994543,326,11696.849999999995
2022-07-08 00:00:00+05:30,1,36.4,9.749999999994543,326,11876.149999999994
2022-07-09 00:00:00+05:30,1,36.5,9.749999999994543,326,11908.749999999995
2022-07-10 00:00:00+05:30,1,36.5,9.749999999994543,326,11908.749999999995
2022-07-11 00:00:00+05:30,-1,36.5,11908.749999999995,0,11908.749999999995
2022-07-12 00:00:00+05:30,1,36.65,34.14999999999418,324,11908.749999999995
2022-07-13 00:00:00+05:30,1,36.35,34.14999999999418,324,11811.549999999994
2022-07-14 00:00:00+05:30,1,36.0,34.14999999999418,324,11698.149999999994
2022-07-15 00:00:00+05:30,1,35.65,34.14999999999418,324,11584.749999999995
2022-07-16 00:00:00+05:30,1,35.6,34.14999999999418,324,11568.549999999994
2022-07-17 00:00:00+05:30,1,35.6,34.14999999999418,324,11568.549999999994
2022-07-18 00:00:00+05:30,1,35.6,34.14999999999418,324,11568.549999999994
2022-07-19 00:00:00+05:30,-1,35.45,11519.949999999995,0,11519.949999999995
2022-07-20 00:00:00+05:30,1,37.0,12.94999999999527,311,11519.949999999995
2022-07-21 00:00:00+05:30,1,36.45,12.94999999999527,311,11348.899999999996
2022-07-22 00:00:00+05:30,1,36.4,12.94999999999527,311,11333.349999999995
2022-07-23 00:00:00+05:30,1,36.4,12.94999999999527,311,11333.349999999995
2022-07-24 00:00:00+05:30,1,36.4,12.94999999999527,311,11333.349999999995
2022-07-25 00:00:00+05:30,1,36.4,12.94999999999527,311,11333.349999999995
2022-07-26 00:00:00+05:30,1,38.2,12.94999999999527,311,11893.149999999996
2022-07-27 00:00:00+05:30,-1,38.1,11862.049999999996,0,11862.049999999996
2022-07-28 00:00:00+05:30,1,38.15,35.549999999995634,310,11862.049999999996
2022-07-29 00:00:00+05:30,1,38.0,35.549999999995634,310,11815.549999999996
2022-07-30 00:00:00+05:30,-1,37.65,11707.049999999996,0,11707.049999999996
2022-07-31 00:00:00+05:30,-1,37.65,11707.049999999996,0,11707.049999999996
2022-08-01 00:00:00+05:30,1,37.65,35.549999999995634,310,11707.049999999996
2022-08-02 00:00:00+05:30,1,38.25,35.549999999995634,310,11893.049999999996
2022-08-03 00:00:00+05:30,1,37.85,35.549999999995634,310,11769.049999999996
2022-08-04 00:00:00+05:30,1,38.2,35.549999999995634,310,11877.549999999996
2022-08-05 00:00:00+05:30,1,36.7,35.549999999995634,310,11412.549999999996
2022-08-06 00:00:00+05:30,1,36.9,35.549999999995634,310,11474.549999999996
2022-08-07 00:00:00+05:30,1,36.9,35.549999999995634,310,11474.549999999996
2022-08-08 00:00:00+05:30,-1,36.9,11474.549999999996,0,11474.549999999996
2022-08-09 00:00:00+05:30,1,36.9,35.549999999995634,310,11474.549999999996
2022-08-10 00:00:00+05:30,1,36.9,35.549999999995634,310,11474.549999999996
2022-08-11 00:00:00+05:30,1,36.65,35.549999999995634,310,11397.049999999996
2022-08-12 00:00:00+05:30,-1,37.75,11738.049999999996,0,11738.049999999996
2022-08-13 00:00:00+05:30,1,38.3,18.249999999996362,306,11738.049999999996
2022-08-14 00:00:00+05:30,1,38.3,18.249999999996362,306,11738.049999999996
2022-08-15 00:00:00+05:30,1,38.3,18.249999999996362,306,11738.049999999996
2022-08-16 00:00:00+05:30,1,38.3,18.249999999996362,306,11738.049999999996
2022-08-17 00:00:00+05:30,1,37.95,18.249999999996362,306,11630.949999999997
2022-08-18 00:00:00+05:30,1,38.0,18.249999999996362,306,11646.249999999996
2022-08-19 00:00:00+05:30,-1,37.8,11585.049999999996,0,11585.049999999996
2022-08-20 00:00:00+05:30,1,37.5,35.049999999995634,308,11585.049999999996
2022-08-21 00:00:00+05:30,1,37.5,35.049999999995634,308,11585.049999999996
2022-08-22 00:00:00+05:30,1,37.5,35.049999999995634,308,11585.049999999996
2022-08-23 00:00:00+05:30,1,39.4,35.049999999995634,308,12170.249999999995
2022-08-24 00:00:00+05:30,1,39.5,35.049999999995634,308,12201.049999999996
2022-08-25 00:00:00+05:30,-1,41.05,12678.449999999995,0,12678.449999999995
2022-08-26 00:00:00+05:30,1,41.65,16.849999999994907,304,12678.449999999995
2022-08-27 00:00:00+05:30,1,41.65,16.849999999994907,304,12678.449999999995
2022-08-28 00:00:00+05:30,1,41.65,16.849999999994907,304,12678.449999999995
2022-08-29 00:00:00+05:30,-1,41.65,12678.449999999995,0,12678.449999999995
2022-08-30 00:00:00+05:30,1,43.6,34.44999999999527,290,12678.449999999995
2022-08-31 00:00:00+05:30,-1,43.25,12576.949999999995,0,12576.949999999995
2022-09-01 00:00:00+05:30,1,43.25,34.44999999999527,290,12576.949999999995
2022-09-02 00:00:00+05:30,1,44.35,34.44999999999527,290,12895.949999999995
2022-09-03 00:00:00+05:30,1,44.0,34.44999999999527,290,12794.449999999995
2022-09-04 00:00:00+05:30,1,44.0,34.44999999999527,290,12794.449999999995
2022-09-05 00:00:00+05:30,1,44.0,34.44999999999527,290,12794.449999999995
2022-09-06 00:00:00+05:30,1,43.95,34.44999999999527,290,12779.949999999995
2022-09-07 00:00:00+05:30,1,43.1,34.44999999999527,290,12533.449999999995
2022-09-08 00:00:00+05:30,1,46.2,34.44999999999527,290,13432.449999999995
2022-09-09 00:00:00+05:30,-1,45.65,13272.949999999995,0,13272.949999999995
2022-09-10 00:00:00+05:30,1,46.55,6.199999999995271,285,13272.949999999995
2022-09-11 00:00:00+05:30,1,46.55,6.199999999995271,285,13272.949999999995
2022-09-12 00:00:00+05:30,1,46.55,6.199999999995271,285,13272.949999999995
2022-09-13 00:00:00+05:30,1,46.15,6.199999999995271,285,13158.949999999995
2022-09-14 00:00:00+05:30,1,46.9,6.199999999995271,285,13372.699999999995
2022-09-15 00:00:00+05:30,1,46.55,6.199999999995271,285,13272.949999999995
2022-09-16 00:00:00+05:30,1,47.1,6.199999999995271,285,13429.699999999995
2022-09-17 00:00:00+05:30,1,45.45,6.199999999995271,285,12959.449999999995
2022-09-18 00:00:00+05:30,-1,45.45,12959.449999999995,0,12959.449999999995
2022-09-19 00:00:00+05:30,1,45.45,6.199999999995271,285,12959.449999999995
2022-09-20 00:00:00+05:30,1,44.3,6.199999999995271,285,12631.699999999995
2022-09-21 00:00:00+05:30,1,44.0,6.199999999995271,285,12546.199999999995
2022-09-22 00:00:00+05:30,1,42.5,6.199999999995271,285,12118.699999999995
2022-09-23 00:00:00+05:30,-1,42.5,12118.699999999995,0,12118.699999999995
2022-09-24 00:00:00+05:30,1,42.25,35.19999999999527,286,12118.699999999995
2022-09-25 00:00:00+05:30,1,42.25,35.19999999999527,286,12118.699999999995
2022-09-26 00:00:00+05:30,1,42.25,35.19999999999527,286,12118.699999999995
2022-09-27 00:00:00+05:30,1,41.3,35.19999999999527,286,11846.999999999995
2022-09-28 00:00:00+05:30,1,41.15,35.19999999999527,286,11804.099999999995
2022-09-29 00:00:00+05:30,1,41.5,35.19999999999527,286,11904.199999999995
2022-09-30 00:00:00+05:30,1,42.1,35.19999999999527,286,12075.799999999996
2022-10-01 00:00:00+05:30,1,42.8,35.19999999999527,286,12275.999999999995
2022-10-02 00:00:00+05:30,1,42.8,35.19999999999527,286,12275.999999999995
2022-10-03 00:00:00+05:30,1,42.8,35.19999999999527,286,12275.999999999995
2022-10-04 00:00:00+05:30,-1,42.2,12104.399999999996,0,12104.399999999996
2022-10-05 00:00:00+05:30,1,44.35,41.19999999999527,272,12104.399999999996
2022-10-06 00:00:00+05:30,1,44.35,41.19999999999527,272,12104.399999999996
2022-10-07 00:00:00+05:30,1,44.15,41.19999999999527,272,12049.999999999995
2022-10-08 00:00:00+05:30,1,43.85,41.19999999999527,272,11968.399999999996
2022-10-09 00:00:00+05:30,1,43.85,41.19999999999527,272,11968.399999999996
2022-10-10 00:00:00+05:30,1,43.85,41.19999999999527,272,11968.399999999996
2022-10-11 00:00:00+05:30,1,44.4,41.19999999999527,272,12117.999999999995
2022-10-12 00:00:00+05:30,-1,42.5,11601.199999999995,0,11601.199999999995
2022-10-13 00:00:00+05:30,-1,43.15,11601.199999999995,0,11601.199999999995
2022-10-14 00:00:00+05:30,1,43.35,26.749999999994543,267,11601.199999999995
2022-10-15 00:00:00+05:30,1,45.15,26.749999999994543,267,12081.799999999994
2022-10-16 00:00:00+05:30,1,45.15,26.749999999994543,267,12081.799999999994
2022-10-17 00:00:00+05:30,1,45.15,26.749999999994543,267,12081.799999999994
2022-10-18 00:00:00+05:30,1,45.8,26.749999999994543,267,12255.349999999993
2022-10-19 00:00:00+05:30,1,45.3,26.749999999994543,267,12121.849999999993
2022-10-20 00:00:00+05:30,1,44.2,26.749999999994543,267,11828.149999999996
2022-10-21 00:00:00+05:30,1,44.55,26.749999999994543,267,11921.599999999993
2022-10-22 00:00:00+05:30,1,43.2,26.749999999994543,267,11561.149999999996
2022-10-23 00:00:00+05:30,-1,43.2,11561.149999999996,0,11561.149999999996
2022-10-24 00:00:00+05:30,1,43.2,26.749999999994543,267,11561.149999999996
2022-10-25 00:00:00+05:30,1,44.0,26.749999999994543,267,11774.749999999995
2022-10-26 00:00:00+05:30,1,43.3,26.749999999994543,267,11587.849999999993
2022-10-27 00:00:00+05:30,1,43.3,26.749999999994543,267,11587.849999999993
2022-10-28 00:00:00+05:30,1,43.0,26.749999999994543,267,11507.749999999995
2022-10-29 00:00:00+05:30,1,44.8,26.749999999994543,267,11988.349999999993
2022-10-30 00:00:00+05:30,1,44.8,26.749999999994543,267,11988.349999999993
2022-10-31 00:00:00+05:30,1,44.8,26.749999999994543,267,11988.349999999993
2022-11-01 00:00:00+05:30,-1,44.95,12028.399999999996,0,12028.399999999996
2022-11-02 00:00:00+05:30,1,44.4,40.399999999996,270,12028.399999999996
2022-11-03 00:00:00+05:30,1,43.65,40.399999999996,270,11825.899999999996
2022-11-04 00:00:00+05:30,1,43.5,40.399999999996,270,11785.399999999996
2022-11-05 00:00:00+05:30,1,44.0,40.399999999996,270,11920.399999999996
2022-11-06 00:00:00+05:30,1,44.0,40.399999999996,270,11920.399999999996
2022-11-07 00:00:00+05:30,1,44.0,40.399999999996,270,11920.399999999996
2022-11-08 00:00:00+05:30,1,44.7,40.399999999996,270,12109.399999999996
2022-11-09 00:00:00+05:30,1,44.7,40.399999999996,270,12109.399999999996
2022-11-10 00:00:00+05:30,1,46.85,40.399999999996,270,12689.899999999996
2022-11-11 00:00:00+05:30,1,46.3,40.399999999996,270,12541.399999999996
2022-11-12 00:00:00+05:30,1,46.2,40.399999999996,270,12514.399999999996
2022-11-13 00:00:00+05:30,1,46.2,40.399999999996,270,12514.399999999996
2022-11-14 00:00:00+05:30,1,46.2,40.399999999996,270,12514.399999999996
2022-11-15 00:00:00+05:30,-1,44.85,12149.899999999996,0,12149.899999999996
2022-11-16 00:00:00+05:30,1,44.3,11.69999999999709,274,12149.899999999996
2022-11-17 00:00:00+05:30,1,43.7,11.69999999999709,274,11985.499999999998
2022-11-18 00:00:00+05:30,1,43.0,11.69999999999709,274,11793.699999999997
2022-11-19 00:00:00+05:30,1,42.8,11.69999999999709,274,11738.899999999996
2022-11-20 00:00:00+05:30,1,42.8,11.69999999999709,274,11738.899999999996
2022-11-21 00:00:00+05:30,1,42.8,11.69999999999709,274,11738.899999999996
2022-11-22 00:00:00+05:30,1,41.45,11.69999999999709,274,11368.999999999998
2022-11-23 00:00:00+05:30,1,41.75,11.69999999999709,274,11451.199999999997
2022-11-24 00:00:00+05:30,1,40.25,11.69999999999709,274,11040.199999999997
2022-11-25 00:00:00+05:30,-1,41.2,11300.499999999998,0,11300.499999999998
2022-11-26 00:00:00+05:30,1,41.1,39.099999999998545,274,11300.499999999998
2022-11-27 00:00:00+05:30,1,41.1,39.099999999998545,274,11300.499999999998
2022-11-28 00:00:00+05:30,1,41.1,39.099999999998545,274,11300.499999999998
2022-11-29 00:00:00+05:30,1,41.75,39.099999999998545,274,11478.599999999999
2022-11-30 00:00:00+05:30,1,40.85,39.099999999998545,274,11231.999999999998
2022-12-01 00:00:00+05:30,1,41.75,39.099999999998545,274,11478.599999999999
2022-12-02 00:00:00+05:30,1,42.7,39.099999999998545,274,11738.9
2022-12-03 00:00:00+05:30,1,43.0,39.099999999998545,274,11821.099999999999
2022-12-04 00:00:00+05:30,1,43.0,39.099999999998545,274,11821.099999999999
2022-12-05 00:00:00+05:30,1,43.0,39.099999999998545,274,11821.099999999999
2022-12-06 00:00:00+05:30,1,44.7,39.099999999998545,274,12286.9
2022-12-07 00:00:00+05:30,1,48.0,39.099999999998545,274,13191.099999999999
2022-12-08 00:00:00+05:30,1,48.35,39.099999999998545,274,13286.999999999998
2022-12-09 00:00:00+05:30,1,47.4,39.099999999998545,274,13026.699999999999
2022-12-10 00:00:00+05:30,-1,45.75,12574.599999999999,0,12574.599999999999
2022-12-11 00:00:00+05:30,-1,45.75,12574.599999999999,0,12574.599999999999
2022-12-12 00:00:00+05:30,1,45.75,39.099999999998545,274,12574.599999999999
2022-12-13 00:00:00+05:30,1,45.25,39.099999999998545,274,12437.599999999999
2022-12-14 00:00:00+05:30,1,45.2,39.099999999998545,274,12423.9
2022-12-15 00:00:00+05:30,1,44.65,39.099999999998545,274,12273.199999999999
2022-12-16 00:00:00+05:30,1,44.1,39.099999999998545,274,12122.499999999998
2022-12-17 00:00:00+05:30,1,44.15,39.099999999998545,274,12136.199999999999
2022-12-18 00:00:00+05:30,1,44.15,39.099999999998545,274,12136.199999999999
2022-12-19 00:00:00+05:30,-1,44.15,12136.199999999999,0,12136.199999999999
2022-12-20 00:00:00+05:30,1,44.65,36.04999999999927,271,12136.199999999999
2022-12-21 00:00:00+05:30,1,44.95,36.04999999999927,271,12217.5
2022-12-22 00:00:00+05:30,1,43.2,36.04999999999927,271,11743.25
2022-12-23 00:00:00+05:30,1,41.15,36.04999999999927,271,11187.699999999999
2022-12-24 00:00:00+05:30,1,38.3,36.04999999999927,271,10415.349999999999
2022-12-25 00:00:00+05:30,1,38.3,36.04999999999927,271,10415.349999999999
2022-12-26 00:00:00+05:30,1,38.3,36.04999999999927,271,10415.349999999999
2022-12-27 00:00:00+05:30,1,40.0,36.04999999999927,271,10876.05
2022-12-28 00:00:00+05:30,1,40.55,36.04999999999927,271,11025.099999999999
2022-12-29 00:00:00+05:30,1,41.2,36.04999999999927,271,11201.25
2022-12-30 00:00:00+05:30,-1,41.85,11377.4,0,11377.4
2022-12-31 00:00:00+05:30,1,42.2,25.599999999998545,269,11377.4
2023-01-01 00:00:00+05:30,1,42.2,25.599999999998545,269,11377.4
2023-01-02 00:00:00+05:30,-1,42.2,11377.4,0,11377.4
2023-01-03 00:00:00+05:30,1,42.95,38.599999999998545,264,11377.4
2023-01-04 00:00:00+05:30,-1,42.55,11271.799999999997,0,11271.799999999997
2023-01-05 00:00:00+05:30,1,41.15,37.849999999998545,273,11271.799999999997
2023-01-06 00:00:00+05:30,1,41.5,37.849999999998545,273,11367.349999999999
2023-01-07 00:00:00+05:30,1,41.4,37.849999999998545,273,11340.049999999997
2023-01-08 00:00:00+05:30,1,41.4,37.849999999998545,273,11340.049999999997
2023-01-09 00:00:00+05:30,1,41.4,37.849999999998545,273,11340.049999999997
2023-01-10 00:00:00+05:30,1,42.9,37.849999999998545,273,11749.549999999997
2023-01-11 00:00:00+05:30,1,42.25,37.849999999998545,273,11572.099999999999
2023-01-12 00:00:00+05:30,1,41.5,37.849999999998545,273,11367.349999999999
2023-01-13 00:00:00+05:30,1,41.4,37.849999999998545,273,11340.049999999997
2023-01-14 00:00:00+05:30,-1,41.3,11312.749999999998,0,11312.749999999998
2023-01-15 00:00:00+05:30,1,41.3,37.849999999998545,273,11312.749999999998
2023-01-16 00:00:00+05:30,-1,41.3,11312.749999999998,0,11312.749999999998
2023-01-17 00:00:00+05:30,1,41.75,40.24999999999818,270,11312.749999999998
2023-01-18 00:00:00+05:30,-1,40.9,11083.249999999998,0,11083.249999999998
2023-01-19 00:00:00+05:30,1,40.5,26.74999999999818,273,11083.249999999998
2023-01-20 00:00:00+05:30,1,40.4,26.74999999999818,273,11055.949999999997
2023-01-21 00:00:00+05:30,1,41.0,26.74999999999818,273,11219.749999999998
2023-01-22 00:00:00+05:30,1,41.0,26.74999999999818,273,11219.749999999998
2023-01-23 00:00:00+05:30,1,41.0,26.74999999999818,273,11219.749999999998
2023-01-24 00:00:00+05:30,1,40.7,26.74999999999818,273,11137.849999999999
2023-01-25 00:00:00+05:30,1,40.75,26.74999999999818,273,11151.499999999998
2023-01-26 00:00:00+05:30,1,42.15,26.74999999999818,273,11533.699999999997
2023-01-27 00:00:00+05:30,1,42.15,26.74999999999818,273,11533.699999999997
2023-01-28 00:00:00+05:30,1,40.7,26.74999999999818,273,11137.849999999999
2023-01-29 00:00:00+05:30,1,40.7,26.74999999999818,273,11137.849999999999
2023-01-30 00:00:00+05:30,1,40.7,26.74999999999818,273,11137.849999999999
2023-01-31 00:00:00+05:30,1,40.5,26.74999999999818,273,11083.249999999998
2023-02-01 00:00:00+05:30,1,41.9,26.74999999999818,273,11465.449999999997
2023-02-02 00:00:00+05:30,-1,40.3,11028.649999999998,0,11028.649999999998
2023-02-03 00:00:00+05:30,1,40.1,1.1499999999978172,275,11028.649999999998
2023-02-04 00:00:00+05:30,1,40.25,1.1499999999978172,275,11069.899999999998
2023-02-05 00:00:00+05:30,-1,40.25,11069.899999999998,0,11069.899999999998
2023-02-06 00:00:00+05:30,1,40.25,1.1499999999978172,275,11069.899999999998
2023-02-07 00:00:00+05:30,1,39.9,1.1499999999978172,275,10973.649999999998
2023-02-08 00:00:00+05:30,1,39.65,1.1499999999978172,275,10904.899999999998
2023-02-09 00:00:00+05:30,1,39.75,1.1499999999978172,275,10932.399999999998
2023-02-10 00:00:00+05:30,1,39.8,1.1499999999978172,275,10946.149999999998
2023-02-11 00:00:00+05:30,1,39.6,1.1499999999978172,275,10891.149999999998
2023-02-12 00:00:00+05:30,-1,39.6,10891.149999999998,0,10891.149999999998
2023-02-13 00:00:00+05:30,1,39.6,1.1499999999978172,275,10891.149999999998
2023-02-14 00:00:00+05:30,1,40.05,1.1499999999978172,275,11014.899999999998
2023-02-15 00:00:00+05:30,1,38.9,1.1499999999978172,275,10698.649999999998
2023-02-16 00:00:00+05:30,1,39.9,1.1499999999978172,275,10973.649999999998
2023-02-17 00:00:00+05:30,1,38.9,1.1499999999978172,275,10698.649999999998
2023-02-18 00:00:00+05:30,1,38.15,1.1499999999978172,275,10492.399999999998
2023-02-19 00:00:00+05:30,1,38.15,1.1499999999978172,275,10492.399999999998
2023-02-20 00:00:00+05:30,1,38.15,1.1499999999978172,275,10492.399999999998
2023-02-21 00:00:00+05:30,-1,37.9,10423.649999999998,0,10423.649999999998
2023-02-22 00:00:00+05:30,1,37.6,8.44999999999709,277,10423.649999999998
2023-02-23 00:00:00+05:30,-1,37.6,10423.649999999998,0,10423.649999999998
2023-02-24 00:00:00+05:30,1,37.15,21.649999999997817,280,10423.649999999998
2023-02-25 00:00:00+05:30,1,36.85,21.649999999997817,280,10339.649999999998
2023-02-26 00:00:00+05:30,1,36.85,21.649999999997817,280,10339.649999999998
2023-02-27 00:00:00+05:30,-1,36.85,10339.649999999998,0,10339.649999999998
2023-02-28 00:00:00+05:30,1,36.85,21.649999999997817,280,10339.649999999998
2023-03-01 00:00:00+05:30,1,36.25,21.649999999997817,280,10171.649999999998
2023-03-02 00:00:00+05:30,-1,37.25,10451.649999999998,0,10451.649999999998
2023-03-03 00:00:00+05:30,1,36.95,31.749999999996362,282,10451.649999999998
2023-03-04 00:00:00+05:30,-1,37.3,10550.349999999995,0,10550.349999999995
2023-03-05 00:00:00+05:30,1,37.3,31.749999999996362,282,10550.349999999995
2023-03-06 00:00:00+05:30,1,37.3,31.749999999996362,282,10550.349999999995
2023-03-07 00:00:00+05:30,1,37.6,31.749999999996362,282,10634.949999999997
2023-03-08 00:00:00+05:30,1,37.6,31.749999999996362,282,10634.949999999997
2023-03-09 00:00:00+05:30,1,37.85,31.749999999996362,282,10705.449999999997
2023-03-10 00:00:00+05:30,1,37.4,31.749999999996362,282,10578.549999999996
2023-03-11 00:00:00+05:30,1,37.65,31.749999999996362,282,10649.049999999996
2023-03-12 00:00:00+05:30,1,37.65,31.749999999996362,282,10649.049999999996
2023-03-13 00:00:00+05:30,1,37.65,31.749999999996362,282,10649.049999999996
2023-03-14 00:00:00+05:30,1,35.7,31.749999999996362,282,10099.149999999998
2023-03-15 00:00:00+05:30,1,35.75,31.749999999996362,282,10113.249999999996
2023-03-16 00:00:00+05:30,1,35.45,31.749999999996362,282,10028.649999999998
2023-03-17 00:00:00+05:30,1,35.55,31.749999999996362,282,10056.849999999995
2023-03-18 00:00:00+05:30,1,35.65,31.749999999996362,282,10085.049999999996
2023-03-19 00:00:00+05:30,1,35.65,31.749999999996362,282,10085.049999999996
2023-03-20 00:00:00+05:30,1,35.65,31.749999999996362,282,10085.049999999996
2023-03-21 00:00:00+05:30,-1,35.15,9944.049999999996,0,9944.049999999996
2023-03-22 00:00:00+05:30,1,35.35,10.69999999999527,281,9944.049999999996
2023-03-23 00:00:00+05:30,1,35.05,10.69999999999527,281,9859.749999999995
2023-03-24 00:00:00+05:30,-1,35.05,9859.749999999995,0,9859.749999999995
2023-03-25 00:00:00+05:30,1,34.4,21.349999999994907,286,9859.749999999995
2023-03-26 00:00:00+05:30,1,34.4,21.349999999994907,286,9859.749999999995
2023-03-27 00:00:00+05:30,1,34.4,21.349999999994907,286,9859.749999999995
2023-03-28 00:00:00+05:30,1,34.05,21.349999999994907,286,9759.649999999994
2023-03-29 00:00:00+05:30,1,34.15,21.349999999994907,286,9788.249999999995
2023-03-30 00:00:00+05:30,1,33.8,21.349999999994907,286,9688.149999999994
2023-03-31 00:00:00+05:30,1,33.8,21.349999999994907,286,9688.149999999994
2023-04-01 00:00:00+05:30,-1,34.15,9788.249999999995,0,9788.249999999995
2023-04-02 00:00:00+05:30,1,34.15,21.349999999994907,286,9788.249999999995
2023-04-03 00:00:00+05:30,1,34.15,21.349999999994907,286,9788.249999999995
2023-04-04 00:00:00+05:30,1,37.05,21.349999999994907,286,10617.649999999994
2023-04-05 00:00:00+05:30,1,37.05,21.349999999994907,286,10617.649999999994
2023-04-06 00:00:00+05:30,1,39.7,21.349999999994907,286,11375.549999999996
2023-04-07 00:00:00+05:30,1,43.5,21.349999999994907,286,12462.349999999995
2023-04-08 00:00:00+05:30,1,43.5,21.349999999994907,286,12462.349999999995
2023-04-09 00:00:00+05:30,1,43.5,21.349999999994907,286,12462.349999999995
2023-04-10 00:00:00+05:30,1,43.5,21.349999999994907,286,12462.349999999995
2023-04-11 00:00:00+05:30,1,44.5,21.349999999994907,286,12748.349999999995
2023-04-12 00:00:00+05:30,1,44.75,21.349999999994907,286,12819.849999999995
2023-04-13 00:00:00+05:30,1,45.2,21.349999999994907,286,12948.549999999996
2023-04-14 00:00:00+05:30,1,46.5,21.349999999994907,286,13320.349999999995
2023-04-15 00:00:00+05:30,1,46.5,21.349999999994907,286,13320.349999999995
2023-04-16 00:00:00+05:30,1,46.5,21.349999999994907,286,13320.349999999995
2023-04-17 00:00:00+05:30,1,46.5,21.349999999994907,286,13320.349999999995
2023-04-18 00:00:00+05:30,-1,48.3,13835.149999999994,0,13835.149999999994
2023-04-19 00:00:00+05:30,1,48.0,11.14999999999418,288,13835.149999999994
2023-04-20 00:00:00+05:30,1,48.6,11.14999999999418,288,14007.949999999995
2023-04-21 00:00:00+05:30,1,48.9,11.14999999999418,288,14094.349999999993
2023-04-22 00:00:00+05:30,1,50.05,11.14999999999418,288,14425.549999999994
2023-04-23 00:00:00+05:30,-1,50.05,14425.549999999994,0,14425.549999999994
2023-04-24 00:00:00+05:30,1,50.05,11.14999999999418,288,14425.549999999994
2023-04-25 00:00:00+05:30,-1,49.9,14382.349999999993,0,14382.349999999993
2023-04-26 00:00:00+05:30,1,48.9,5.749999999992724,294,14382.349999999993
2023-04-27 00:00:00+05:30,1,50.8,5.749999999992724,294,14940.949999999992
2023-04-28 00:00:00+05:30,1,50.3,5.749999999992724,294,14793.949999999992
2023-04-29 00:00:00+05:30,1,50.1,5.749999999992724,294,14735.149999999992
2023-04-30 00:00:00+05:30,1,50.1,5.749999999992724,294,14735.149999999992
2023-05-01 00:00:00+05:30,1,50.1,5.749999999992724,294,14735.149999999992
2023-05-02 00:00:00+05:30,1,50.1,5.749999999992724,294,14735.149999999992
2023-05-03 00:00:00+05:30,1,49.5,5.749999999992724,294,14558.749999999993
2023-05-04 00:00:00+05:30,1,50.0,5.749999999992724,294,14705.749999999993
2023-05-05 00:00:00+05:30,1,50.65,5.749999999992724,294,14896.849999999993
2023-05-06 00:00:00+05:30,1,51.55,5.749999999992724,294,15161.449999999992
2023-05-07 00:00:00+05:30,1,51.55,5.749999999992724,294,15161.449999999992
2023-05-08 00:00:00+05:30,1,51.55,5.749999999992724,294,15161.449999999992
2023-05-09 00:00:00+05:30,1,52.5,5.749999999992724,294,15440.749999999993
2023-05-10 00:00:00+05:30,-1,51.4,15117.349999999993,0,15117.349999999993
2023-05-11 00:00:00+05:30,1,50.3,27.349999999993088,300,15117.349999999993
2023-05-12 00:00:00+05:30,-1,50.4,15147.349999999993,0,15147.349999999993
2023-05-13 00:00:00+05:30,-1,50.0,15147.349999999993,0,15147.349999999993
2023-05-14 00:00:00+05:30,1,50.0,47.34999999999309,302,15147.349999999993
2023-05-15 00:00:00+05:30,-1,50.0,15147.349999999993,0,15147.349999999993
2023-05-16 00:00:00+05:30,-1,51.55,15147.349999999993,0,15147.349999999993
2023-05-17 00:00:00+05:30,1,52.1,38.34999999999309,290,15147.349999999993
2023-05-18 00:00:00+05:30,1,52.35,38.34999999999309,290,15219.849999999993
2023-05-19 00:00:00+05:30,1,53.45,38.34999999999309,290,15538.849999999993
2023-05-20 00:00:00+05:30,1,53.5,38.34999999999309,290,15553.349999999993
2023-05-21 00:00:00+05:30,-1,53.5,15553.349999999993,0,15553.349999999993
2023-05-22 00:00:00+05:30,1,53.5,38.34999999999309,290,15553.349999999993
2023-05-23 00:00:00+05:30,1,54.15,38.34999999999309,290,15741.849999999993
2023-05-24 00:00:00+05:30,-1,54.2,15756.349999999993,0,15756.349999999993
2023-05-25 00:00:00+05:30,-1,54.7,15756.349999999993,0,15756.349999999993
2023-05-26 00:00:00+05:30,1,55.65,7.399999999994179,283,15756.349999999993
2023-05-27 00:00:00+05:30,1,55.0,7.399999999994179,283,15572.399999999994
2023-05-28 00:00:00+05:30,1,55.0,7.399999999994179,283,15572.399999999994
2023-05-29 00:00:00+05:30,1,55.0,7.399999999994179,283,15572.399999999994
2023-05-30 00:00:00+05:30,1,53.9,7.399999999994179,283,15261.099999999993
2023-05-31 00:00:00+05:30,1,54.35,7.399999999994179,283,15388.449999999995
2023-06-01 00:00:00+05:30,1,51.5,7.399999999994179,283,14581.899999999994
2023-06-02 00:00:00+05:30,1,51.85,7.399999999994179,283,14680.949999999995
2023-06-03 00:00:00+05:30,1,53.0,7.399999999994179,283,15006.399999999994
2023-06-04 00:00:00+05:30,1,53.0,7.399999999994179,283,15006.399999999994
2023-06-05 00:00:00+05:30,1,53.0,7.399999999994179,283,15006.399999999994
2023-06-06 00:00:00+05:30,1,55.0,7.399999999994179,283,15572.399999999994
2023-06-07 00:00:00+05:30,1,59.0,7.399999999994179,283,16704.399999999994
2023-06-08 00:00:00+05:30,1,58.7,7.399999999994179,283,16619.499999999996
2023-06-09 00:00:00+05:30,1,58.8,7.399999999994179,283,16647.799999999992
2023-06-10 00:00:00+05:30,1,59.7,7.399999999994179,283,16902.499999999996
2023-06-11 00:00:00+05:30,1,59.7,7.399999999994179,283,16902.499999999996
2023-06-12 00:00:00+05:30,1,59.7,7.399999999994179,283,16902.499999999996
2023-06-13 00:00:00+05:30,1,62.35,7.399999999994179,283,17652.449999999993
2023-06-14 00:00:00+05:30,1,60.8,7.399999999994179,283,17213.799999999992
2023-06-15 00:00:00+05:30,1,60.7,7.399999999994179,283,17185.499999999996
2023-06-16 00:00:00+05:30,1,61.7,7.399999999994179,283,17468.499999999996
2023-06-17 00:00:00+05:30,1,62.3,7.399999999994179,283,17638.299999999992
2023-06-18 00:00:00+05:30,-1,62.3,17638.299999999992,0,17638.299999999992
2023-06-19 00:00:00+05:30,-1,62.3,17638.299999999992,0,17638.299999999992
2023-06-20 00:00:00+05:30,1,62.0,30.299999999991996,284,17638.299999999992
2023-06-21 00:00:00+05:30,1,64.75,30.299999999991996,284,18419.299999999992
2023-06-22 00:00:00+05:30,1,65.8,30.299999999991996,284,18717.499999999993
2023-06-23 00:00:00+05:30,1,62.7,30.299999999991996,284,17837.09999999999
2023-06-24 00:00:00+05:30,1,63.5,30.299999999991996,284,18064.299999999992
2023-06-25 00:00:00+05:30,1,63.5,30.299999999991996,284,18064.299999999992
2023-06-26 00:00:00+05:30,1,63.5,30.299999999991996,284,18064.299999999992
2023-06-27 00:00:00+05:30,-1,63.8,18149.499999999993,0,18149.499999999993
2023-06-28 00:00:00+05:30,1,63.45,2.7999999999919964,286,18149.499999999993
2023-06-29 00:00:00+05:30,1,63.15,2.7999999999919964,286,18063.69999999999
2023-06-30 00:00:00+05:30,1,63.15,2.7999999999919964,286,18063.69999999999
2023-07-01 00:00:00+05:30,1,64.1,2.7999999999919964,286,18335.39999999999
2023-07-02 00:00:00+05:30,1,64.1,2.7999999999919964,286,18335.39999999999
2023-07-03 00:00:00+05:30,1,64.1,2.7999999999919964,286,18335.39999999999
2023-07-04 00:00:00+05:30,1,64.15,2.7999999999919964,286,18349.699999999993
2023-07-05 00:00:00+05:30,1,66.9,2.7999999999919964,286,19136.199999999993
2023-07-06 00:00:00+05:30,1,66.05,2.7999999999919964,286,18893.09999999999
2023-07-07 00:00:00+05:30,1,66.95,2.7999999999919964,286,19150.499999999993
2023-07-08 00:00:00+05:30,1,65.2,2.7999999999919964,286,18649.999999999993
2023-07-09 00:00:00+05:30,1,65.2,2.7999999999919964,286,18649.999999999993
2023-07-10 00:00:00+05:30,1,65.2,2.7999999999919964,286,18649.999999999993
2023-07-11 00:00:00+05:30,1,64.6,2.7999999999919964,286,18478.39999999999
2023-07-12 00:00:00+05:30,1,64.15,2.7999999999919964,286,18349.699999999993
2023-07-13 00:00:00+05:30,1,64.45,2.7999999999919964,286,18435.499999999993
2023-07-14 00:00:00+05:30,-1,64.35,18406.89999999999,0,18406.89999999999
2023-07-15 00:00:00+05:30,1,65.45,15.449999999989814,281,18406.89999999999
2023-07-16 00:00:00+05:30,1,65.45,15.449999999989814,281,18406.89999999999
2023-07-17 00:00:00+05:30,1,65.45,15.449999999989814,281,18406.89999999999
2023-07-18 00:00:00+05:30,-1,68.45,19249.89999999999,0,19249.89999999999
2023-07-19 00:00:00+05:30,1,71.5,16.39999999999054,269,19249.89999999999
2023-07-20 00:00:00+05:30,1,73.3,16.39999999999054,269,19734.09999999999
2023-07-21 00:00:00+05:30,1,73.0,16.39999999999054,269,19653.39999999999
2023-07-22 00:00:00+05:30,1,73.65,16.39999999999054,269,19828.249999999993
2023-07-23 00:00:00+05:30,1,73.65,16.39999999999054,269,19828.249999999993
2023-07-24 00:00:00+05:30,-1,73.65,19828.249999999993,0,19828.249999999993
2023-07-25 00:00:00+05:30,1,74.25,3.499999999992724,267,19828.249999999993
2023-07-26 00:00:00+05:30,-1,72.5,19360.999999999993,0,19360.999999999993
2023-07-27 00:00:00+05:30,1,72.0,64.99999999999272,268,19360.999999999993
2023-07-28 00:00:00+05:30,1,72.95,64.99999999999272,268,19615.599999999995
2023-07-29 00:00:00+05:30,-1,71.65,19267.199999999993,0,19267.199999999993
2023-07-30 00:00:00+05:30,1,71.65,64.99999999999272,268,19267.199999999993
2023-07-31 00:00:00+05:30,1,71.65,64.99999999999272,268,19267.199999999993
2023-08-01 00:00:00+05:30,1,71.4,64.99999999999272,268,19200.199999999993
2023-08-02 00:00:00+05:30,1,71.5,64.99999999999272,268,19226.999999999993
2023-08-03 00:00:00+05:30,1,74.45,64.99999999999272,268,20017.599999999995
2023-08-04 00:00:00+05:30,1,74.95,64.99999999999272,268,20151.599999999995
2023-08-05 00:00:00+05:30,1,74.4,64.99999999999272,268,20004.199999999993
2023-08-06 00:00:00+05:30,-1,74.4,20004.199999999993,0,20004.199999999993
2023-08-07 00:00:00+05:30,1,74.4,64.99999999999272,268,20004.199999999993
2023-08-08 00:00:00+05:30,1,78.4,64.99999999999272,268,21076.199999999993
2023-08-09 00:00:00+05:30,1,77.75,64.99999999999272,268,20901.999999999993
2023-08-10 00:00:00+05:30,1,79.35,64.99999999999272,268,21330.799999999992
2023-08-11 00:00:00+05:30,1,83.1,64.99999999999272,268,22335.799999999992
2023-08-12 00:00:00+05:30,1,79.3,64.99999999999272,268,21317.39999999999
2023-08-13 00:00:00+05:30,1,79.3,64.99999999999272,268,21317.39999999999
2023-08-14 00:00:00+05:30,1,79.3,64.99999999999272,268,21317.39999999999
2023-08-15 00:00:00+05:30,1,78.85,64.99999999999272,268,21196.799999999992
2023-08-16 00:00:00+05:30,1,78.85,64.99999999999272,268,21196.799999999992
2023-08-17 00:00:00+05:30,1,81.05,64.99999999999272,268,21786.39999999999
2023-08-18 00:00:00+05:30,1,82.25,64.99999999999272,268,22107.999999999993
2023-08-19 00:00:00+05:30,1,84.5,64.99999999999272,268,22710.999999999993
2023-08-20 00:00:00+05:30,1,84.5,64.99999999999272,268,22710.999999999993
2023-08-21 00:00:00+05:30,1,84.5,64.99999999999272,268,22710.999999999993
2023-08-22 00:00:00+05:30,1,87.0,64.99999999999272,268,23380.999999999993
2023-08-23 00:00:00+05:30,1,90.95,64.99999999999272,268,24439.599999999995
2023-08-24 00:00:00+05:30,1,92.15,64.99999999999272,268,24761.199999999993
2023-08-25 00:00:00+05:30,1,88.0,64.99999999999272,268,23648.999999999993
2023-08-26 00:00:00+05:30,1,87.3,64.99999999999272,268,23461.39999999999
2023-08-27 00:00:00+05:30,1,87.3,64.99999999999272,268,23461.39999999999
2023-08-28 00:00:00+05:30,1,87.3,64.99999999999272,268,23461.39999999999
2023-08-29 00:00:00+05:30,-1,90.75,24385.999999999993,0,24385.999999999993
2023-08-30 00:00:00+05:30,1,87.85,51.549999999995634,277,24385.999999999993
2023-08-31 00:00:00+05:30,1,89.1,51.549999999995634,277,24732.249999999993
2023-09-01 00:00:00+05:30,1,92.85,51.549999999995634,277,25770.999999999993
2023-09-02 00:00:00+05:30,1,94.5,51.549999999995634,277,26228.049999999996
2023-09-03 00:00:00+05:30,-1,94.5,26228.049999999996,0,26228.049999999996
2023-09-04 00:00:00+05:30,1,94.5,51.549999999995634,277,26228.049999999996
2023-09-05 00:00:00+05:30,1,95.6,51.549999999995634,277,26532.749999999993
2023-09-06 00:00:00+05:30,1,96.9,51.549999999995634,277,26892.85
2023-09-07 00:00:00+05:30,1,92.9,51.549999999995634,277,25784.85
2023-09-08 00:00:00+05:30,-1,91.7,25452.449999999997,0,25452.449999999997
2023-09-09 00:00:00+05:30,1,94.0,72.44999999999709,270,25452.449999999997
2023-09-10 00:00:00+05:30,1,94.0,72.44999999999709,270,25452.449999999997
2023-09-11 00:00:00+05:30,1,94.0,72.44999999999709,270,25452.449999999997
2023-09-12 00:00:00+05:30,1,92.0,72.44999999999709,270,24912.449999999997
2023-09-13 00:00:00+05:30,1,87.8,72.44999999999709,270,23778.449999999997
2023-09-14 00:00:00+05:30,1,86.1,72.44999999999709,270,23319.449999999997
2023-09-15 00:00:00+05:30,1,88.2,72.44999999999709,270,23886.449999999997
2023-09-16 00:00:00+05:30,1,91.2,72.44999999999709,270,24696.449999999997
2023-09-17 00:00:00+05:30,1,91.2,72.44999999999709,270,24696.449999999997
2023-09-18 00:00:00+05:30,1,91.2,72.44999999999709,270,24696.449999999997
2023-09-19 00:00:00+05:30,-1,89.35,24196.949999999997,0,24196.949999999997
2023-09-20 00:00:00+05:30,1,89.35,72.44999999999709,270,24196.949999999997
2023-09-21 00:00:00+05:30,-1,86.95,23548.949999999997,0,23548.949999999997
2023-09-22 00:00:00+05:30,1,84.6,30.149999999997817,278,23548.949999999997
2023-09-23 00:00:00+05:30,1,85.0,30.149999999997817,278,23660.149999999998
2023-09-24 00:00:00+05:30,1,85.0,30.149999999997817,278,23660.149999999998
2023-09-25 00:00:00+05:30,1,85.0,30.149999999997817,278,23660.149999999998
2023-09-26 00:00:00+05:30,1,84.4,30.149999999997817,278,23493.35
2023-09-27 00:00:00+05:30,1,85.4,30.149999999997817,278,23771.35
2023-09-28 00:00:00+05:30,1,90.1,30.149999999997817,278,25077.949999999997
2023-09-29 00:00:00+05:30,1,90.5,30.149999999997817,278,25189.149999999998
2023-09-30 00:00:00+05:30,1,94.6,30.149999999997817,278,26328.949999999997
2023-10-01 00:00:00+05:30,1,94.6,30.149999999997817,278,26328.949999999997
2023-10-02 00:00:00+05:30,1,94.6,30.149999999997817,278,26328.949999999997
2023-10-03 00:00:00+05:30,1,94.6,30.149999999997817,278,26328.949999999997
2023-10-04 00:00:00+05:30,1,91.95,30.149999999997817,278,25592.25
2023-10-05 00:00:00+05:30,1,90.05,30.149999999997817,278,25064.049999999996
2023-10-06 00:00:00+05:30,1,93.25,30.149999999997817,278,25953.649999999998
2023-10-07 00:00:00+05:30,1,92.1,30.149999999997817,278,25633.949999999997
2023-10-08 00:00:00+05:30,1,92.1,30.149999999997817,278,25633.949999999997
2023-10-09 00:00:00+05:30,1,92.1,30.149999999997817,278,25633.949999999997
2023-10-10 00:00:00+05:30,1,89.2,30.149999999997817,278,24827.75
2023-10-11 00:00:00+05:30,1,92.55,30.149999999997817,278,25759.049999999996
2023-10-12 00:00:00+05:30,1,93.55,30.149999999997817,278,26037.049999999996
2023-10-13 00:00:00+05:30,1,93.45,30.149999999997817,278,26009.25
2023-10-14 00:00:00+05:30,1,92.3,30.149999999997817,278,25689.549999999996
2023-10-15 00:00:00+05:30,1,92.3,30.149999999997817,278,25689.549999999996
2023-10-16 00:00:00+05:30,1,92.3,30.149999999997817,278,25689.549999999996
2023-10-17 00:00:00+05:30,1,90.95,30.149999999997817,278,25314.25
2023-10-18 00:00:00+05:30,1,89.5,30.149999999997817,278,24911.149999999998
2023-10-19 00:00:00+05:30,1,91.95,30.149999999997817,278,25592.25
2023-10-20 00:00:00+05:30,1,99.1,30.149999999997817,278,27579.949999999997
2023-10-21 00:00:00+05:30,1,99.4,30.149999999997817,278,27663.35
2023-10-22 00:00:00+05:30,1,99.4,30.149999999997817,278,27663.35
2023-10-23 00:00:00+05:30,1,99.4,30.149999999997817,278,27663.35
2023-10-24 00:00:00+05:30,1,93.25,30.149999999997817,278,25953.649999999998
2023-10-25 00:00:00+05:30,1,93.25,30.149999999997817,278,25953.649999999998
2023-10-26 00:00:00+05:30,1,92.2,30.149999999997817,278,25661.75
2023-10-27 00:00:00+05:30,1,92.75,30.149999999997817,278,25814.649999999998
2023-10-28 00:00:00+05:30,1,93.75,30.149999999997817,278,26092.649999999998
2023-10-29 00:00:00+05:30,1,93.75,30.149999999997817,278,26092.649999999998
2023-10-30 00:00:00+05:30,1,93.75,30.149999999997817,278,26092.649999999998
2023-10-31 00:00:00+05:30,1,97.4,30.149999999997817,278,27107.35
2023-11-01 00:00:00+05:30,1,102.35,30.149999999997817,278,28483.449999999997
2023-11-02 00:00:00+05:30,1,100.9,30.149999999997817,278,28080.35
2023-11-03 00:00:00+05:30,1,100.8,30.149999999997817,278,28052.549999999996
2023-11-04 00:00:00+05:30,1,103.35,30.149999999997817,278,28761.449999999997
2023-11-05 00:00:00+05:30,1,103.35,30.149999999997817,278,28761.449999999997
2023-11-06 00:00:00+05:30,1,103.35,30.149999999997817,278,28761.449999999997
2023-11-07 00:00:00+05:30,1,102.5,30.149999999997817,278,28525.149999999998
2023-11-08 00:00:00+05:30,1,102.2,30.149999999997817,278,28441.75
2023-11-09 00:00:00+05:30,1,100.3,30.149999999997817,278,27913.549999999996
2023-11-10 00:00:00+05:30,1,99.45,30.149999999997817,278,27677.25
2023-11-11 00:00:00+05:30,1,99.7,30.149999999997817,278,27746.75
2023-11-12 00:00:00+05:30,1,99.7,30.149999999997817,278,27746.75
2023-11-13 00:00:00+05:30,1,102.95,30.149999999997817,278,28650.25
2023-11-14 00:00:00+05:30,1,105.2,30.149999999997817,278,29275.75
2023-11-15 00:00:00+05:30,1,105.2,30.149999999997817,278,29275.75
2023-11-16 00:00:00+05:30,1,106.7,30.149999999997817,278,29692.75
2023-11-17 00:00:00+05:30,1,109.0,30.149999999997817,278,30332.149999999998
2023-11-18 00:00:00+05:30,1,113.65,30.149999999997817,278,31624.85
2023-11-19 00:00:00+05:30,1,113.65,30.149999999997817,278,31624.85
2023-11-20 00:00:00+05:30,1,113.65,30.149999999997817,278,31624.85
2023-11-21 00:00:00+05:30,1,118.2,30.149999999997817,278,32889.75
2023-11-22 00:00:00+05:30,1,114.7,30.149999999997817,278,31916.75
2023-11-23 00:00:00+05:30,1,112.55,30.149999999997817,278,31319.049999999996
2023-11-24 00:00:00+05:30,1,112.1,30.149999999997817,278,31193.949999999997
2023-11-25 00:00:00+05:30,1,110.0,30.149999999997817,278,30610.149999999998
2023-11-26 00:00:00+05:30,1,110.0,30.149999999997817,278,30610.149999999998
2023-11-27 00:00:00+05:30,1,110.0,30.149999999997817,278,30610.149999999998
2023-11-28 00:00:00+05:30,1,110.0,30.149999999997817,278,30610.149999999998
2023-11-29 00:00:00+05:30,1,114.0,30.149999999997817,278,31722.149999999998
2023-11-30 00:00:00+05:30,1,113.5,30.149999999997817,278,31583.149999999998
2023-12-01 00:00:00+05:30,1,112.75,30.149999999997817,278,31374.649999999998
2023-12-02 00:00:00+05:30,1,110.0,30.149999999997817,278,30610.149999999998
2023-12-03 00:00:00+05:30,1,110.0,30.149999999997817,278,30610.149999999998
2023-12-04 00:00:00+05:30,1,110.0,30.149999999997817,278,30610.149999999998
2023-12-05 00:00:00+05:30,1,112.5,30.149999999997817,278,31305.149999999998
2023-12-06 00:00:00+05:30,1,116.65,30.149999999997817,278,32458.85
2023-12-07 00:00:00+05:30,1,115.4,30.149999999997817,278,32111.35
2023-12-08 00:00:00+05:30,1,117.6,30.149999999997817,278,32722.949999999997
2023-12-09 00:00:00+05:30,1,121.05,30.149999999997817,278,33682.05
2023-12-10 00:00:00+05:30,1,121.05,30.149999999997817,278,33682.05
2023-12-11 00:00:00+05:30,1,121.05,30.149999999997817,278,33682.05
2023-12-12 00:00:00+05:30,1,128.75,30.149999999997817,278,35822.649999999994
2023-12-13 00:00:00+05:30,1,126.95,30.149999999997817,278,35322.25
2023-12-14 00:00:00+05:30,1,127.7,30.149999999997817,278,35530.75
2023-12-15 00:00:00+05:30,1,131.2,30.149999999997817,278,36503.75
2023-12-16 00:00:00+05:30,1,131.5,30.149999999997817,278,36587.149999999994
2023-12-17 00:00:00+05:30,1,131.5,30.149999999997817,278,36587.149999999994
2023-12-18 00:00:00+05:30,1,131.5,30.149999999997817,278,36587.149999999994
2023-12-19 00:00:00+05:30,1,135.2,30.149999999997817,278,37615.75
2023-12-20 00:00:00+05:30,1,143.0,30.149999999997817,278,39784.149999999994
2023-12-21 00:00:00+05:30,1,128.5,30.149999999997817,278,35753.149999999994
2023-12-22 00:00:00+05:30,1,132.0,30.149999999997817,278,36726.149999999994
2023-12-23 00:00:00+05:30,1,138.5,30.149999999997817,278,38533.149999999994
2023-12-24 00:00:00+05:30,1,138.5,30.149999999997817,278,38533.149999999994
2023-12-25 00:00:00+05:30,1,138.5,30.149999999997817,278,38533.149999999994
2023-12-26 00:00:00+05:30,1,138.5,30.149999999997817,278,38533.149999999994
2023-12-27 00:00:00+05:30,1,139.5,30.149999999997817,278,38811.149999999994
2023-12-28 00:00:00+05:30,1,137.6,30.149999999997817,278,38282.95
2023-12-29 00:00:00+05:30,1,137.55,30.149999999997817,278,38269.05
2023-12-30 00:00:00+05:30,1,136.0,30.149999999997817,278,37838.149999999994
2023-12-31 00:00:00+05:30,1,136.0,30.149999999997817,278,37838.149999999994
2024-01-01 00:00:00+05:30,1,136.0,30.149999999997817,278,37838.149999999994
2024-01-02 00:00:00+05:30,1,137.0,30.149999999997817,278,38116.149999999994
2024-01-03 00:00:00+05:30,1,135.45,30.149999999997817,278,37685.25
2024-01-04 00:00:00+05:30,1,134.8,30.149999999997817,278,37504.55
2024-01-05 00:00:00+05:30,1,140.45,30.149999999997817,278,39075.25
2024-01-06 00:00:00+05:30,1,137.5,30.149999999997817,278,38255.149999999994
2024-01-07 00:00:00+05:30,1,137.5,30.149999999997817,278,38255.149999999994
2024-01-08 00:00:00+05:30,1,137.5,30.149999999997817,278,38255.149999999994
2024-01-09 00:00:00+05:30,1,144.5,30.149999999997817,278,40201.149999999994
2024-01-10 00:00:00+05:30,1,152.0,30.149999999997817,278,42286.149999999994
2024-01-11 00:00:00+05:30,1,170.3,30.149999999997817,278,47373.55
2024-01-12 00:00:00+05:30,1,174.75,30.149999999997817,278,48610.649999999994
2024-01-13 00:00:00+05:30,1,177.1,30.149999999997817,278,49263.95
2024-01-14 00:00:00+05:30,1,177.1,30.149999999997817,278,49263.95
2024-01-15 00:00:00+05:30,1,177.1,30.149999999997817,278,49263.95
2024-01-16 00:00:00+05:30,1,167.7,30.149999999997817,278,46650.75
2024-01-17 00:00:00+05:30,1,169.0,30.149999999997817,278,47012.149999999994
2024-01-18 00:00:00+05:30,1,161.5,30.149999999997817,278,44927.149999999994
2024-01-19 00:00:00+05:30,1,164.95,30.149999999997817,278,45886.25
2024-01-20 00:00:00+05:30,1,160.45,30.149999999997817,278,44635.25
2024-01-21 00:00:00+05:30,1,158.95,30.149999999997817,278,44218.25
2024-01-22 00:00:00+05:30,1,158.95,30.149999999997817,278,44218.25
2024-01-23 00:00:00+05:30,1,158.95,30.149999999997817,278,44218.25
2024-01-24 00:00:00+05:30,1,150.65,30.149999999997817,278,41910.850000000006
2024-01-25 00:00:00+05:30,1,152.9,30.149999999997817,278,42536.350000000006
2024-01-26 00:00:00+05:30,1,154.0,30.149999999997817,278,42842.149999999994
2024-01-27 00:00:00+05:30,1,154.0,30.149999999997817,278,42842.149999999994
2024-01-28 00:00:00+05:30,1,154.0,30.149999999997817,278,42842.149999999994
2024-01-29 00:00:00+05:30,1,154.0,30.149999999997817,278,42842.149999999994
2024-01-30 00:00:00+05:30,1,153.7,30.149999999997817,278,42758.75
2024-01-31 00:00:00+05:30,1,155.2,30.149999999997817,278,43175.75
2024-02-01 00:00:00+05:30,1,160.0,30.149999999997817,278,44510.149999999994
2024-02-02 00:00:00+05:30,1,158.5,30.149999999997817,278,44093.149999999994
2024-02-03 00:00:00+05:30,1,157.05,30.149999999997817,278,43690.05
2024-02-04 00:00:00+05:30,1,157.05,30.149999999997817,278,43690.05
2024-02-05 00:00:00+05:30,1,157.05,30.149999999997817,278,43690.05
2024-02-06 00:00:00+05:30,1,152.0,30.149999999997817,278,42286.149999999994
2024-02-07 00:00:00+05:30,1,155.0,30.149999999997817,278,43120.149999999994
2024-02-08 00:00:00+05:30,1,163.25,30.149999999997817,278,45413.649999999994
2024-02-09 00:00:00+05:30,1,165.5,30.149999999997817,278,46039.149999999994
2024-02-10 00:00:00+05:30,1,165.0,30.149999999997817,278,45900.149999999994
2024-02-11 00:00:00+05:30,1,165.0,30.149999999997817,278,45900.149999999994
2024-02-12 00:00:00+05:30,1,165.0,30.149999999997817,278,45900.149999999994
2024-02-13 00:00:00+05:30,1,159.8,30.149999999997817,278,44454.55
2024-02-14 00:00:00+05:30,1,158.9,30.149999999997817,278,44204.350000000006
2024-02-15 00:00:00+05:30,1,162.0,30.149999999997817,278,45066.149999999994
2024-02-16 00:00:00+05:30,1,161.85,30.149999999997817,278,45024.45
2024-02-17 00:00:00+05:30,1,161.0,30.149999999997817,278,44788.149999999994
2024-02-18 00:00:00+05:30,1,161.0,30.149999999997817,278,44788.149999999994
2024-02-19 00:00:00+05:30,1,161.0,30.149999999997817,278,44788.149999999994
2024-02-20 00:00:00+05:30,1,161.0,30.149999999997817,278,44788.149999999994
2024-02-21 00:00:00+05:30,1,164.0,30.149999999997817,278,45622.149999999994
2024-02-22 00:00:00+05:30,1,161.7,30.149999999997817,278,44982.75
2024-02-23 00:00:00+05:30,1,161.95,30.149999999997817,278,45052.25
2024-02-24 00:00:00+05:30,1,162.0,30.149999999997817,278,45066.149999999994
2024-02-25 00:00:00+05:30,1,162.0,30.149999999997817,278,45066.149999999994
2024-02-26 00:00:00+05:30,1,162.0,30.149999999997817,278,45066.149999999994
2024-02-27 00:00:00+05:30,1,163.9,30.149999999997817,278,45594.350000000006
2024-02-28 00:00:00+05:30,1,161.25,30.149999999997817,278,44857.649999999994
2024-02-29 00:00:00+05:30,1,158.3,30.149999999997817,278,44037.55
2024-03-01 00:00:00+05:30,1,164.4,30.149999999997817,278,45733.350000000006
2024-03-02 00:00:00+05:30,1,161.0,30.149999999997817,278,44788.149999999994
2024-03-03 00:00:00+05:30,1,160.5,30.149999999997817,278,44649.149999999994
2024-03-04 00:00:00+05:30,1,160.5,30.149999999997817,278,44649.149999999994
2024-03-05 00:00:00+05:30,1,160.2,30.149999999997817,278,44565.75
2024-03-06 00:00:00+05:30,1,162.55,30.149999999997817,278,45219.05
2024-03-07 00:00:00+05:30,1,156.45,30.149999999997817,278,43523.25
2024-03-08 00:00:00+05:30,1,153.4,30.149999999997817,278,42675.350000000006
2024-03-09 00:00:00+05:30,1,153.4,30.149999999997817,278,42675.350000000006
2024-03-10 00:00:00+05:30,1,153.4,30.149999999997817,278,42675.350000000006
2024-03-11 00:00:00+05:30,1,153.4,30.149999999997817,278,42675.350000000006
2024-03-12 00:00:00+05:30,1,147.0,30.149999999997817,278,40896.149999999994
2024-03-13 00:00:00+05:30,1,139.15,30.149999999997817,278,38713.850000000006
2024-03-14 00:00:00+05:30,1,133.4,30.149999999997817,278,37115.350000000006
2024-03-15 00:00:00+05:30,1,134.05,30.149999999997817,278,37296.05
2024-03-16 00:00:00+05:30,1,134.25,30.149999999997817,278,37351.649999999994
2024-03-17 00:00:00+05:30,1,134.25,30.149999999997817,278,37351.649999999994
2024-03-18 00:00:00+05:30,1,134.25,30.149999999997817,278,37351.649999999994
2024-03-19 00:00:00+05:30,1,128.6,30.149999999997817,278,35780.95
2024-03-20 00:00:00+05:30,1,127.0,30.149999999997817,278,35336.149999999994
2024-03-21 00:00:00+05:30,1,127.75,30.149999999997817,278,35544.649999999994
2024-03-22 00:00:00+05:30,1,134.55,30.149999999997817,278,37435.05
2024-03-23 00:00:00+05:30,1,141.25,30.149999999997817,278,39297.649999999994
2024-03-24 00:00:00+05:30,1,141.25,30.149999999997817,278,39297.649999999994
2024-03-25 00:00:00+05:30,1,141.25,30.149999999997817,278,39297.649999999994
2024-03-26 00:00:00+05:30,1,141.25,30.149999999997817,278,39297.649999999994
2024-03-27 00:00:00+05:30,1,142.2,30.149999999997817,278,39561.75
2024-03-28 00:00:00+05:30,1,140.35,30.149999999997817,278,39047.45
2024-03-29 00:00:00+05:30,1,140.05,30.149999999997817,278,38964.05
2024-03-30 00:00:00+05:30,1,140.05,30.149999999997817,278,38964.05
2024-03-31 00:00:00+05:30,1,140.05,30.149999999997817,278,38964.05
2024-04-01 00:00:00+05:30,1,140.05,30.149999999997817,278,38964.05
2024-04-02 00:00:00+05:30,1,142.0,30.149999999997817,278,39506.149999999994
2024-04-03 00:00:00+05:30,1,151.35,30.149999999997817,278,42105.45
2024-04-04 00:00:00+05:30,1,158.9,30.149999999997817,278,44204.350000000006
2024-04-05 00:00:00+05:30,1,160.0,30.149999999997817,278,44510.149999999994
2024-04-06 00:00:00+05:30,1,158.0,30.149999999997817,278,43954.149999999994
2024-04-07 00:00:00+05:30,1,158.0,30.149999999997817,278,43954.149999999994
2024-04-08 00:00:00+05:30,1,158.0,30.149999999997817,278,43954.149999999994
2024-04-09 00:00:00+05:30,1,160.6,30.149999999997817,278,44676.95
2024-04-10 00:00:00+05:30,1,167.0,30.149999999997817,278,46456.149999999994
